sensor:model,sensor:package,sensor:capability,sensor:units
AirBeam2-F,AirBeam2:00189610714D,Temperature,degrees Fahrenheit
Timestamp,geo:lat,geo:long,Value
2018-09-20T10:00:05.709+0100,50.86650507,4.3091029,75
2018-09-20T10:00:06.773+0100,50.86650507,4.3091029,75
2018-09-20T10:00:07.821+0100,50.86654835,4.3093415,75
2018-09-20T10:00:08.721+0100,50.86652453,4.3093276,75
2018-09-20T10:00:09.721+0100,50.86650781,4.30931201,75
2018-09-20T10:00:10.894+0100,50.86649432,4.30929695,75
2018-09-20T10:00:11.749+0100,50.86648459,4.30929488,75
2018-09-20T10:00:12.747+0100,50.86647446,4.3092897,75
2018-09-20T10:00:13.764+0100,50.86647779,4.30926195,76
2018-09-20T10:00:14.765+0100,50.86647737,4.30925426,75
2018-09-20T10:00:15.720+0100,50.86647785,4.30924521,75
2018-09-20T10:00:16.798+0100,50.86647861,4.30923759,76
2018-09-20T10:00:17.821+0100,50.86648286,4.30922439,75
2018-09-20T10:00:18.739+0100,50.86648397,4.3092166,75
2018-09-20T10:00:19.763+0100,50.86648001,4.30921588,75
2018-09-20T10:00:20.725+0100,50.86647065,4.30921359,75
2018-09-20T10:00:21.721+0100,50.86645809,4.30920784,75
2018-09-20T10:00:22.741+0100,50.8664476,4.3091973,75
2018-09-20T10:00:23.790+0100,50.8664433,4.30918274,75
2018-09-20T10:00:24.742+0100,50.8664466,4.30917008,76
2018-09-20T10:00:25.822+0100,50.86645482,4.30916487,75
2018-09-20T10:00:26.807+0100,50.86646898,4.30916118,75
2018-09-20T10:00:27.741+0100,50.86647786,4.30916036,75
2018-09-20T10:00:28.799+0100,50.86648568,4.30915359,75
2018-09-20T10:00:29.763+0100,50.86649112,4.30913484,76
2018-09-20T10:00:30.738+0100,50.86649429,4.30912603,76
2018-09-20T10:00:31.771+0100,50.86649803,4.30912053,75
2018-09-20T10:00:32.758+0100,50.86649935,4.30912,76
2018-09-20T10:00:33.764+0100,50.86650515,4.30911814,75
2018-09-20T10:00:34.754+0100,50.86650631,4.30911901,75
2018-09-20T10:00:35.736+0100,50.86650694,4.30911728,76
2018-09-20T10:00:36.776+0100,50.86650371,4.30911603,76
2018-09-20T10:00:37.767+0100,50.86650569,4.30911361,76
2018-09-20T10:00:38.780+0100,50.86650855,4.30911511,76
2018-09-20T10:00:39.848+0100,50.86650831,4.30911036,76
2018-09-20T10:00:40.712+0100,50.86650358,4.30910224,76
2018-09-20T10:00:41.718+0100,50.8664983,4.30909833,75
2018-09-20T10:00:42.773+0100,50.86649337,4.30909557,75
2018-09-20T10:00:43.744+0100,50.86649342,4.30909426,76
2018-09-20T10:00:44.749+0100,50.8664948,4.3090905,75
2018-09-20T10:00:45.764+0100,50.86649595,4.30908754,76
2018-09-20T10:00:46.752+0100,50.86649633,4.30908654,76
2018-09-20T10:00:47.731+0100,50.86649685,4.30908739,75
2018-09-20T10:00:48.898+0100,50.86649678,4.30908976,75
2018-09-20T10:00:49.746+0100,50.86649765,4.30909049,76
2018-09-20T10:00:50.741+0100,50.86649749,4.30909057,75
2018-09-20T10:00:51.777+0100,50.86649601,4.30908954,75
2018-09-20T10:00:52.766+0100,50.86649386,4.30908844,76
2018-09-20T10:00:53.755+0100,50.86649408,4.30908638,75
2018-09-20T10:00:54.846+0100,50.86649249,4.30908451,75
2018-09-20T10:00:55.777+0100,50.86649129,4.30908456,75
2018-09-20T10:00:56.784+0100,50.86649144,4.3090841,75
2018-09-20T10:00:57.753+0100,50.86649209,4.30908317,76
2018-09-20T10:00:58.747+0100,50.86649226,4.30908303,76
2018-09-20T10:00:59.720+0100,50.86649243,4.30908291,75
2018-09-20T10:01:00.754+0100,50.86649251,4.30908288,75
2018-09-20T10:01:01.787+0100,50.86649335,4.30908346,76
2018-09-20T10:01:02.748+0100,50.86649356,4.30908359,76
2018-09-20T10:01:03.800+0100,50.86649363,4.30908364,75
2018-09-20T10:01:04.761+0100,50.86649363,4.30908361,75
2018-09-20T10:01:05.756+0100,50.86649364,4.30908364,76
2018-09-20T10:01:06.718+0100,50.86649354,4.30908853,75
2018-09-20T10:01:07.737+0100,50.86649664,4.30909389,76
2018-09-20T10:01:08.723+0100,50.86649863,4.30909303,75
2018-09-20T10:01:09.750+0100,50.86649804,4.30909469,75
2018-09-20T10:01:10.748+0100,50.8664955,4.30909369,75
2018-09-20T10:01:11.778+0100,50.86649413,4.30909377,76
2018-09-20T10:01:12.740+0100,50.86649287,4.30909714,76
2018-09-20T10:01:13.806+0100,50.86648816,4.30909846,75
2018-09-20T10:01:14.725+0100,50.86648945,4.30910037,75
2018-09-20T10:01:15.822+0100,50.86648966,4.3091028,76
2018-09-20T10:01:16.795+0100,50.86649403,4.30911569,76
2018-09-20T10:01:17.737+0100,50.86650645,4.3091202,75
2018-09-20T10:01:18.745+0100,50.86651254,4.3091221,76
2018-09-20T10:01:19.734+0100,50.86651564,4.30912067,75
2018-09-20T10:01:20.721+0100,50.86651938,4.30912177,75
2018-09-20T10:01:21.753+0100,50.86651955,4.30912225,75
2018-09-20T10:01:22.726+0100,50.86652146,4.30912493,75
2018-09-20T10:01:23.746+0100,50.86651894,4.30912853,75
2018-09-20T10:01:24.760+0100,50.86651119,4.30912427,76
2018-09-20T10:01:25.718+0100,50.86650755,4.30911344,75
2018-09-20T10:01:26.730+0100,50.86650784,4.30911189,75
2018-09-20T10:01:27.714+0100,50.86650727,4.30911211,75
2018-09-20T10:01:28.744+0100,50.86650725,4.30910532,75
2018-09-20T10:01:29.736+0100,50.86650688,4.30910411,76
2018-09-20T10:01:30.731+0100,50.86650682,4.30910392,75
2018-09-20T10:01:31.766+0100,50.86650585,4.30910447,76
2018-09-20T10:01:32.765+0100,50.86650397,4.30910563,75
2018-09-20T10:01:33.739+0100,50.86650409,4.30910592,76
2018-09-20T10:01:34.713+0100,50.86650526,4.30910797,75
2018-09-20T10:01:35.734+0100,50.86650556,4.30910494,76
2018-09-20T10:01:36.745+0100,50.86650679,4.30910341,75
2018-09-20T10:01:37.705+0100,50.86650757,4.30910326,76
2018-09-20T10:01:38.828+0100,50.86650723,4.30910363,75
2018-09-20T10:01:39.769+0100,50.8665076,4.30910579,76
2018-09-20T10:01:40.794+0100,50.86650718,4.30910673,76
2018-09-20T10:01:41.887+0100,50.86650748,4.30910753,76
2018-09-20T10:01:42.792+0100,50.8665068,4.30911074,76
2018-09-20T10:01:43.729+0100,50.86651024,4.30913193,75
2018-09-20T10:01:44.734+0100,50.86650318,4.30913311,75
2018-09-20T10:01:45.715+0100,50.86650175,4.30912783,75
2018-09-20T10:01:46.714+0100,50.8664957,4.30912291,75
2018-09-20T10:01:47.733+0100,50.8664992,4.30911796,76
2018-09-20T10:01:48.725+0100,50.86650018,4.30912242,75
2018-09-20T10:01:49.716+0100,50.8665013,4.30912311,75
2018-09-20T10:01:50.730+0100,50.86650302,4.30912818,76
2018-09-20T10:01:51.738+0100,50.86650697,4.30913453,75
2018-09-20T10:01:52.733+0100,50.86650868,4.3091313,76
2018-09-20T10:01:53.781+0100,50.86650878,4.3091288,76
2018-09-20T10:01:54.758+0100,50.86650879,4.30912741,76
2018-09-20T10:01:55.777+0100,50.8665088,4.30912673,75
2018-09-20T10:01:56.722+0100,50.86650893,4.30912546,76
2018-09-20T10:01:57.702+0100,50.86650976,4.30912394,76
2018-09-20T10:01:58.739+0100,50.86651068,4.30913258,76
2018-09-20T10:01:59.756+0100,50.86651078,4.30914194,77
2018-09-20T10:02:00.792+0100,50.86651622,4.30915329,76
2018-09-20T10:02:01.765+0100,50.86651905,4.30915603,76
2018-09-20T10:02:02.753+0100,50.86652813,4.30914476,76
2018-09-20T10:02:03.776+0100,50.8665406,4.30912424,76
2018-09-20T10:02:04.752+0100,50.86656204,4.30910472,76
2018-09-20T10:02:05.820+0100,50.86658166,4.30908499,76
2018-09-20T10:02:06.740+0100,50.86659683,4.30907161,76
2018-09-20T10:02:07.746+0100,50.86660567,4.30906213,77
2018-09-20T10:02:08.816+0100,50.86661713,4.30905785,75
2018-09-20T10:02:09.757+0100,50.86662908,4.30905135,76
2018-09-20T10:02:10.841+0100,50.8666429,4.30904179,76
2018-09-20T10:02:11.710+0100,50.86665528,4.30903307,76
2018-09-20T10:02:12.764+0100,50.86666682,4.30902337,76
2018-09-20T10:02:13.771+0100,50.86667719,4.30901177,76
2018-09-20T10:02:14.774+0100,50.86668445,4.30900327,76
2018-09-20T10:02:15.776+0100,50.86668874,4.30899498,76
2018-09-20T10:02:16.729+0100,50.86669376,4.30898548,76
2018-09-20T10:02:17.756+0100,50.86669842,4.30897524,76
2018-09-20T10:02:18.708+0100,50.86670242,4.30895866,76
2018-09-20T10:02:19.766+0100,50.8667071,4.30893942,76
2018-09-20T10:02:20.752+0100,50.86671183,4.30891905,76
2018-09-20T10:02:21.778+0100,50.86671588,4.30889893,76
2018-09-20T10:02:22.788+0100,50.86671831,4.30887925,76
2018-09-20T10:02:23.764+0100,50.86672001,4.30886205,76
2018-09-20T10:02:24.736+0100,50.86671939,4.30885366,76
2018-09-20T10:02:25.732+0100,50.86671568,4.30884695,75
2018-09-20T10:02:26.753+0100,50.8667151,4.30884318,76
2018-09-20T10:02:27.732+0100,50.86671698,4.30883301,76
2018-09-20T10:02:28.808+0100,50.86671903,4.30882088,76
2018-09-20T10:02:29.751+0100,50.86672258,4.3088081,76
2018-09-20T10:02:30.811+0100,50.86672397,4.30878389,75
2018-09-20T10:02:31.732+0100,50.86672583,4.30876063,76
2018-09-20T10:02:32.741+0100,50.86672669,4.30874661,75
2018-09-20T10:02:33.749+0100,50.86672095,4.30873237,76
2018-09-20T10:02:34.745+0100,50.86671815,4.30872499,76
2018-09-20T10:02:35.762+0100,50.86671397,4.30871661,76
2018-09-20T10:02:36.732+0100,50.86671762,4.30870389,76
2018-09-20T10:02:37.745+0100,50.86672437,4.30868981,76
2018-09-20T10:02:38.729+0100,50.8667326,4.30867784,76
2018-09-20T10:02:39.746+0100,50.86674016,4.30866774,76
2018-09-20T10:02:40.733+0100,50.86674802,4.30865098,76
2018-09-20T10:02:41.758+0100,50.8667561,4.30862714,76
2018-09-20T10:02:42.815+0100,50.86676178,4.30859937,75
2018-09-20T10:02:43.729+0100,50.86676078,4.3085814,76
2018-09-20T10:02:44.749+0100,50.86675969,4.30857036,76
2018-09-20T10:02:45.711+0100,50.86676629,4.30856452,76
2018-09-20T10:02:46.736+0100,50.86677672,4.30855653,76
2018-09-20T10:02:47.759+0100,50.86679179,4.30854905,76
2018-09-20T10:02:48.746+0100,50.86680424,4.3085396,75
2018-09-20T10:02:49.759+0100,50.86681658,4.30852715,76
2018-09-20T10:02:50.727+0100,50.86682705,4.30851094,76
2018-09-20T10:02:51.725+0100,50.86683795,4.30849516,76
2018-09-20T10:02:52.724+0100,50.86684283,4.30848343,76
2018-09-20T10:02:53.763+0100,50.86682586,4.30845802,76
2018-09-20T10:02:54.743+0100,50.8668168,4.30842142,76
2018-09-20T10:02:55.761+0100,50.86679518,4.3083868,75
2018-09-20T10:02:56.760+0100,50.86676535,4.30834899,76
2018-09-20T10:02:57.723+0100,50.86673685,4.30832937,76
2018-09-20T10:02:58.756+0100,50.86671592,4.30831016,75
2018-09-20T10:02:59.780+0100,50.86670456,4.30829233,76
2018-09-20T10:03:00.828+0100,50.86669727,4.30827872,76
2018-09-20T10:03:01.777+0100,50.86669427,4.30826296,76
2018-09-20T10:03:02.773+0100,50.8667116,4.30824584,76
2018-09-20T10:03:03.762+0100,50.86673429,4.30823664,75
2018-09-20T10:03:04.799+0100,50.86675814,4.30823294,75
2018-09-20T10:03:05.819+0100,50.86677593,4.3082271,76
2018-09-20T10:03:06.743+0100,50.86679161,4.30822098,76
2018-09-20T10:03:07.768+0100,50.86680276,4.30821197,75
2018-09-20T10:03:08.797+0100,50.86680476,4.30819416,75
2018-09-20T10:03:09.745+0100,50.86682386,4.30817993,76
2018-09-20T10:03:10.758+0100,50.86684892,4.30816109,76
2018-09-20T10:03:11.735+0100,50.86687755,4.30814168,76
2018-09-20T10:03:12.771+0100,50.86689738,4.30812621,76
2018-09-20T10:03:13.750+0100,50.86691421,4.30811857,75
2018-09-20T10:03:14.714+0100,50.86692112,4.30810541,76
2018-09-20T10:03:15.728+0100,50.8669214,4.30808883,76
2018-09-20T10:03:16.765+0100,50.86691533,4.30806664,76
2018-09-20T10:03:17.747+0100,50.86691365,4.3080452,76
2018-09-20T10:03:18.761+0100,50.86691947,4.30802953,75
2018-09-20T10:03:19.800+0100,50.8669295,4.30802234,76
2018-09-20T10:03:20.768+0100,50.86695334,4.30801313,76
2018-09-20T10:03:21.758+0100,50.86698994,4.30800932,75
2018-09-20T10:03:22.718+0100,50.86700657,4.30800237,75
2018-09-20T10:03:23.762+0100,50.86701663,4.30799269,75
2018-09-20T10:03:24.741+0100,50.86703884,4.30798543,75
2018-09-20T10:03:25.760+0100,50.86705441,4.3079775,75
2018-09-20T10:03:26.765+0100,50.86705585,4.3079654,75
2018-09-20T10:03:27.749+0100,50.86705247,4.30794976,75
2018-09-20T10:03:28.731+0100,50.86704746,4.3079282,75
2018-09-20T10:03:29.787+0100,50.8667686,4.307843,75
2018-09-20T10:03:30.727+0100,50.86686126,4.30786352,76
2018-09-20T10:03:31.771+0100,50.86684257,4.30783046,75
2018-09-20T10:03:32.746+0100,50.86683267,4.30779887,75
2018-09-20T10:03:33.723+0100,50.86683581,4.30777694,75
2018-09-20T10:03:34.772+0100,50.86683132,4.30775917,76
2018-09-20T10:03:35.760+0100,50.86682652,4.30774241,75
2018-09-20T10:03:36.769+0100,50.86683835,4.30771611,75
2018-09-20T10:03:37.757+0100,50.86684586,4.30769169,75
2018-09-20T10:03:38.725+0100,50.86685503,4.30767113,76
2018-09-20T10:03:39.727+0100,50.86687348,4.30765666,76
2018-09-20T10:03:40.759+0100,50.86688119,4.30763571,75
2018-09-20T10:03:41.732+0100,50.86688739,4.30761576,75
2018-09-20T10:03:42.775+0100,50.86688895,4.30759747,75
2018-09-20T10:03:43.773+0100,50.86690421,4.30758599,75
2018-09-20T10:03:44.733+0100,50.86692236,4.30757022,75
2018-09-20T10:03:45.760+0100,50.86693245,4.30755348,75
2018-09-20T10:03:46.743+0100,50.86693388,4.3075324,75
2018-09-20T10:03:47.753+0100,50.86692518,4.30750864,75
2018-09-20T10:03:48.738+0100,50.86691015,4.30748356,76
2018-09-20T10:03:49.751+0100,50.86689151,4.30745957,75
2018-09-20T10:03:50.815+0100,50.86687463,4.30743749,75
2018-09-20T10:03:51.744+0100,50.8668678,4.30742664,75
2018-09-20T10:03:52.744+0100,50.86686631,4.30741307,75
2018-09-20T10:03:53.770+0100,50.86685812,4.30739147,76
2018-09-20T10:03:54.715+0100,50.86685655,4.30737627,75
2018-09-20T10:03:55.726+0100,50.86685109,4.30736171,75
2018-09-20T10:03:56.780+0100,50.86685457,4.30735496,75
2018-09-20T10:03:57.745+0100,50.86685279,4.30734472,75
2018-09-20T10:03:58.853+0100,50.86685124,4.30732462,75
2018-09-20T10:03:59.814+0100,50.86685672,4.30731106,76
2018-09-20T10:04:00.751+0100,50.8668679,4.30729893,75
2018-09-20T10:04:01.765+0100,50.86689177,4.30730311,75
2018-09-20T10:04:02.764+0100,50.86689057,4.30729319,75
2018-09-20T10:04:03.765+0100,50.8668793,4.30727274,75
2018-09-20T10:04:04.719+0100,50.86688018,4.30726082,75
2018-09-20T10:04:05.703+0100,50.86687552,4.30725311,75
2018-09-20T10:04:06.773+0100,50.86687344,4.30724862,75
2018-09-20T10:04:07.761+0100,50.86687339,4.30724751,75
2018-09-20T10:04:08.744+0100,50.86689431,4.30724895,75
2018-09-20T10:04:09.742+0100,50.86691736,4.30725175,75
2018-09-20T10:04:10.747+0100,50.86692973,4.30724842,75
2018-09-20T10:04:11.715+0100,50.86693868,4.3072313,75
2018-09-20T10:04:12.765+0100,50.86694712,4.30722501,75
2018-09-20T10:04:13.711+0100,50.8669565,4.3072202,75
2018-09-20T10:04:14.720+0100,50.86696307,4.30721868,75
2018-09-20T10:04:15.707+0100,50.86696578,4.30721736,75
2018-09-20T10:04:16.732+0100,50.86696785,4.30721877,75
2018-09-20T10:04:17.782+0100,50.86696824,4.30722072,75
2018-09-20T10:04:18.719+0100,50.86697136,4.30722166,75
2018-09-20T10:04:19.768+0100,50.86697694,4.30722191,75
2018-09-20T10:04:20.736+0100,50.86698069,4.30722217,75
2018-09-20T10:04:21.721+0100,50.86698593,4.30722314,75
2018-09-20T10:04:22.797+0100,50.86699134,4.30722038,75
2018-09-20T10:04:23.703+0100,50.86700658,4.30721626,76
2018-09-20T10:04:24.762+0100,50.86702497,4.3072121,75
2018-09-20T10:04:25.775+0100,50.86703184,4.30720718,75
2018-09-20T10:04:26.764+0100,50.86701381,4.30720743,75
2018-09-20T10:04:27.753+0100,50.866999,4.30720296,75
2018-09-20T10:04:28.767+0100,50.86698445,4.30719946,75
2018-09-20T10:04:29.742+0100,50.86697835,4.30719888,75
2018-09-20T10:04:30.713+0100,50.866975,4.30719457,74
2018-09-20T10:04:31.724+0100,50.86696602,4.30718991,75
2018-09-20T10:04:32.781+0100,50.86696185,4.30718482,75
2018-09-20T10:04:33.813+0100,50.86695829,4.30717857,75
2018-09-20T10:04:34.738+0100,50.86695479,4.30717135,75
2018-09-20T10:04:35.705+0100,50.86695014,4.30716648,75
2018-09-20T10:04:36.761+0100,50.86694295,4.30716348,75
2018-09-20T10:04:37.784+0100,50.86693822,4.30716281,74
2018-09-20T10:04:38.717+0100,50.86693006,4.30716219,75
2018-09-20T10:04:39.714+0100,50.8669257,4.30716196,75
2018-09-20T10:04:40.716+0100,50.86692547,4.30716206,75
2018-09-20T10:04:41.785+0100,50.86692408,4.30716129,74
2018-09-20T10:04:42.764+0100,50.86692221,4.30716037,74
2018-09-20T10:04:43.752+0100,50.86692212,4.30716019,75
2018-09-20T10:04:44.744+0100,50.86692204,4.30716012,74
2018-09-20T10:04:45.750+0100,50.86692089,4.30715943,75
2018-09-20T10:04:46.771+0100,50.86691755,4.30715461,75
2018-09-20T10:04:47.755+0100,50.8669181,4.30714708,74
2018-09-20T10:04:48.744+0100,50.8669221,4.30714471,75
2018-09-20T10:04:49.752+0100,50.86692275,4.30713988,75
2018-09-20T10:04:50.735+0100,50.8669149,4.30713865,74
2018-09-20T10:04:51.748+0100,50.86690812,4.30714024,75
2018-09-20T10:04:52.750+0100,50.86690748,4.30714307,75
2018-09-20T10:04:53.828+0100,50.86690278,4.30716,75
2018-09-20T10:04:54.719+0100,50.86689942,4.30716899,74
2018-09-20T10:04:55.696+0100,50.86689716,4.30717347,75
2018-09-20T10:04:56.765+0100,50.86689214,4.30717353,74
2018-09-20T10:04:57.791+0100,50.866889,4.30717145,74
2018-09-20T10:04:58.737+0100,50.86688614,4.30717193,75
2018-09-20T10:04:59.796+0100,50.86688519,4.30717118,74
2018-09-20T10:05:00.690+0100,50.86688445,4.30717052,74
2018-09-20T10:05:01.770+0100,50.86688532,4.30716906,74
2018-09-20T10:05:02.805+0100,50.86688714,4.3071624,75
2018-09-20T10:05:03.728+0100,50.86690373,4.30716565,75
2018-09-20T10:05:04.799+0100,50.8669122,4.3071696,74
2018-09-20T10:05:05.695+0100,50.86692345,4.30716936,75
2018-09-20T10:05:06.715+0100,50.86692041,4.3071665,75
2018-09-20T10:05:07.709+0100,50.86692552,4.30716565,75
2018-09-20T10:05:08.712+0100,50.86692346,4.30716194,75
2018-09-20T10:05:09.756+0100,50.86693239,4.30716084,75
2018-09-20T10:05:10.723+0100,50.8669367,4.30715912,75
2018-09-20T10:05:11.700+0100,50.86693648,4.30715473,74
2018-09-20T10:05:12.826+0100,50.86693658,4.30715103,74
2018-09-20T10:05:13.756+0100,50.86693175,4.30714507,74
2018-09-20T10:05:14.772+0100,50.86692831,4.30714115,74
2018-09-20T10:05:15.709+0100,50.86692602,4.30713857,74
2018-09-20T10:05:16.825+0100,50.86693062,4.30713757,74
2018-09-20T10:05:17.729+0100,50.86693992,4.3071374,74
2018-09-20T10:05:18.779+0100,50.86694971,4.30713754,74
2018-09-20T10:05:19.715+0100,50.86695452,4.30713748,75
2018-09-20T10:05:20.720+0100,50.8669568,4.30713732,75
2018-09-20T10:05:21.739+0100,50.86695765,4.30713699,74
2018-09-20T10:05:22.769+0100,50.86695836,4.30713673,74
2018-09-20T10:05:23.677+0100,50.86695848,4.30713636,74
2018-09-20T10:05:24.713+0100,50.86695831,4.30713596,74
2018-09-20T10:05:25.709+0100,50.8669581,4.30713563,75
2018-09-20T10:05:26.720+0100,50.86695797,4.30713542,75
2018-09-20T10:05:27.749+0100,50.86695785,4.30713521,75
2018-09-20T10:05:28.756+0100,50.86695775,4.307135,76
2018-09-20T10:05:29.789+0100,50.86695327,4.30713167,74
2018-09-20T10:05:30.729+0100,50.86695558,4.30712363,74
2018-09-20T10:05:31.768+0100,50.86695717,4.30711514,74
2018-09-20T10:05:32.783+0100,50.86696127,4.30711013,74
2018-09-20T10:05:33.746+0100,50.86696716,4.30710297,74
2018-09-20T10:05:34.781+0100,50.8669751,4.30709504,74
2018-09-20T10:05:35.737+0100,50.86699202,4.3070835,74
2018-09-20T10:05:36.747+0100,50.86701302,4.30707237,74
2018-09-20T10:05:37.755+0100,50.86703864,4.30705956,74
2018-09-20T10:05:38.747+0100,50.86705438,4.30704761,74
2018-09-20T10:05:39.721+0100,50.86706242,4.30703721,74
2018-09-20T10:05:40.773+0100,50.86706703,4.30702854,74
2018-09-20T10:05:41.760+0100,50.86706174,4.30701352,75
2018-09-20T10:05:42.733+0100,50.8670623,4.30700186,74
2018-09-20T10:05:43.828+0100,50.86706366,4.30698728,74
2018-09-20T10:05:44.782+0100,50.8670588,4.30696658,74
2018-09-20T10:05:45.746+0100,50.86703287,4.30693581,74
2018-09-20T10:05:46.805+0100,50.86701085,4.3069108,75
2018-09-20T10:05:47.757+0100,50.86699596,4.30688806,74
2018-09-20T10:05:48.772+0100,50.86698523,4.30686555,74
2018-09-20T10:05:49.715+0100,50.86697563,4.30684472,74
2018-09-20T10:05:50.727+0100,50.86696505,4.30682374,74
2018-09-20T10:05:51.737+0100,50.86695411,4.30680257,74
2018-09-20T10:05:52.840+0100,50.86694456,4.30678148,74
2018-09-20T10:05:53.770+0100,50.86693469,4.30675703,75
2018-09-20T10:05:54.700+0100,50.86692135,4.30672907,74
2018-09-20T10:05:55.751+0100,50.86690504,4.30670623,73
2018-09-20T10:05:56.783+0100,50.86687905,4.30668608,75
2018-09-20T10:05:57.738+0100,50.86684996,4.30666763,75
2018-09-20T10:05:58.746+0100,50.86683569,4.30666137,74
2018-09-20T10:05:59.747+0100,50.8668253,4.30664962,74
2018-09-20T10:06:00.694+0100,50.86682182,4.30664226,74
2018-09-20T10:06:01.774+0100,50.86682246,4.30663434,74
2018-09-20T10:06:02.708+0100,50.86682196,4.30662386,74
2018-09-20T10:06:03.776+0100,50.86682356,4.30661746,75
2018-09-20T10:06:04.742+0100,50.86682428,4.30660738,74
2018-09-20T10:06:05.821+0100,50.86682868,4.3066055,74
2018-09-20T10:06:06.765+0100,50.86683316,4.30660458,74
2018-09-20T10:06:07.763+0100,50.86683348,4.30659057,74
2018-09-20T10:06:08.760+0100,50.866834,4.30657134,74
2018-09-20T10:06:09.752+0100,50.86683822,4.30655241,74
2018-09-20T10:06:10.737+0100,50.86683861,4.30653505,74
2018-09-20T10:06:11.870+0100,50.86683848,4.30651671,74
2018-09-20T10:06:12.730+0100,50.86683695,4.30649525,74
2018-09-20T10:06:13.773+0100,50.86682706,4.30646773,73
2018-09-20T10:06:14.777+0100,50.8668226,4.30643755,74
2018-09-20T10:06:15.745+0100,50.86681607,4.30640978,73
2018-09-20T10:06:16.817+0100,50.8668094,4.30639035,74
2018-09-20T10:06:17.739+0100,50.8668031,4.30636829,75
2018-09-20T10:06:18.799+0100,50.86679954,4.30634742,75
2018-09-20T10:06:19.773+0100,50.86680366,4.3063278,74
2018-09-20T10:06:20.786+0100,50.8668126,4.30630923,74
2018-09-20T10:06:21.760+0100,50.86682156,4.30629097,74
2018-09-20T10:06:22.791+0100,50.86684115,4.30627691,74
2018-09-20T10:06:23.735+0100,50.86685513,4.30626615,74
2018-09-20T10:06:24.791+0100,50.86686949,4.3062577,74
2018-09-20T10:06:25.744+0100,50.86687966,4.30624648,74
2018-09-20T10:06:26.706+0100,50.86688629,4.30623294,73
2018-09-20T10:06:27.747+0100,50.86689124,4.30621876,74
2018-09-20T10:06:28.794+0100,50.86688965,4.30619937,73
2018-09-20T10:06:29.802+0100,50.86688631,4.30618033,74
2018-09-20T10:06:30.736+0100,50.866881,4.30616445,74
2018-09-20T10:06:31.739+0100,50.86687769,4.3061457,74
2018-09-20T10:06:32.739+0100,50.86687404,4.30612492,74
2018-09-20T10:06:33.818+0100,50.86687235,4.30610204,74
2018-09-20T10:06:34.731+0100,50.8668712,4.30609026,75
2018-09-20T10:06:35.718+0100,50.86686757,4.30607073,74
2018-09-20T10:06:36.772+0100,50.86688349,4.30605827,75
2018-09-20T10:06:37.745+0100,50.86690332,4.30604947,73
2018-09-20T10:06:38.813+0100,50.8669182,4.30603981,73
2018-09-20T10:06:39.742+0100,50.86693118,4.30603024,73
2018-09-20T10:06:40.741+0100,50.86693958,4.30601968,74
2018-09-20T10:06:41.773+0100,50.86693698,4.30600182,75
2018-09-20T10:06:42.734+0100,50.86693354,4.30598181,74
2018-09-20T10:06:43.775+0100,50.86693146,4.30596073,74
2018-09-20T10:06:44.750+0100,50.86693009,4.30594085,74
2018-09-20T10:06:45.771+0100,50.86692451,4.30592069,74
2018-09-20T10:06:46.726+0100,50.86692569,4.30590178,73
2018-09-20T10:06:47.700+0100,50.86692254,4.30587849,74
2018-09-20T10:06:48.789+0100,50.86691724,4.30585273,73
2018-09-20T10:06:49.718+0100,50.86692275,4.30582917,74
2018-09-20T10:06:50.768+0100,50.86693041,4.30580884,74
2018-09-20T10:06:51.784+0100,50.86694102,4.30579424,74
2018-09-20T10:06:52.765+0100,50.86695187,4.30577806,74
2018-09-20T10:06:53.781+0100,50.86696135,4.30575717,74
2018-09-20T10:06:54.737+0100,50.86696651,4.30573507,73
2018-09-20T10:06:55.753+0100,50.86696554,4.30571382,74
2018-09-20T10:06:56.752+0100,50.86696513,4.30569861,74
2018-09-20T10:06:57.735+0100,50.86696159,4.30568528,74
2018-09-20T10:06:58.792+0100,50.86695345,4.30567051,74
2018-09-20T10:06:59.772+0100,50.8669487,4.30565967,74
2018-09-20T10:07:00.791+0100,50.86694501,4.30565118,74
2018-09-20T10:07:01.719+0100,50.86694722,4.30564243,74
2018-09-20T10:07:02.715+0100,50.86694899,4.3056408,73
2018-09-20T10:07:03.719+0100,50.86695308,4.30563594,73
2018-09-20T10:07:04.697+0100,50.86695636,4.30562456,73
2018-09-20T10:07:05.775+0100,50.86696359,4.30560691,73
2018-09-20T10:07:06.773+0100,50.86695578,4.30558184,74
2018-09-20T10:07:07.796+0100,50.86694756,4.30554866,74
2018-09-20T10:07:08.748+0100,50.86693997,4.30551856,74
2018-09-20T10:07:09.728+0100,50.86693,4.30549702,74
2018-09-20T10:07:10.760+0100,50.86692357,4.30547697,73
2018-09-20T10:07:11.737+0100,50.86690268,4.3054525,73
2018-09-20T10:07:12.816+0100,50.86688478,4.30542966,73
2018-09-20T10:07:13.778+0100,50.86686579,4.30540995,73
2018-09-20T10:07:14.720+0100,50.86684403,4.30539162,74
2018-09-20T10:07:15.780+0100,50.86682586,4.3053747,73
2018-09-20T10:07:16.765+0100,50.86681178,4.30535725,74
2018-09-20T10:07:17.839+0100,50.86680197,4.30534083,74
2018-09-20T10:07:18.736+0100,50.86679355,4.30532488,74
2018-09-20T10:07:19.803+0100,50.86678615,4.3053019,74
2018-09-20T10:07:20.781+0100,50.86677661,4.30527319,73
2018-09-20T10:07:21.776+0100,50.86676367,4.30524192,74
2018-09-20T10:07:22.762+0100,50.86675233,4.30521917,73
2018-09-20T10:07:23.690+0100,50.86674501,4.30520599,74
2018-09-20T10:07:24.809+0100,50.86674582,4.30519387,74
2018-09-20T10:07:25.721+0100,50.86674982,4.3051857,74
2018-09-20T10:07:26.726+0100,50.866756,4.30518012,73
2018-09-20T10:07:27.761+0100,50.8667583,4.30516456,74
2018-09-20T10:07:28.830+0100,50.86675549,4.3051439,73
2018-09-20T10:07:29.751+0100,50.86674957,4.30512095,74
2018-09-20T10:07:30.789+0100,50.86674246,4.30509291,74
2018-09-20T10:07:31.779+0100,50.86673608,4.305072,74
2018-09-20T10:07:32.772+0100,50.86673025,4.30505601,74
2018-09-20T10:07:33.752+0100,50.86672384,4.30503537,74
2018-09-20T10:07:34.718+0100,50.86672092,4.3050268,74
2018-09-20T10:07:35.796+0100,50.86672035,4.30502385,73
2018-09-20T10:07:36.734+0100,50.86672054,4.30502019,73
2018-09-20T10:07:37.765+0100,50.8667199,4.30501521,73
2018-09-20T10:07:38.711+0100,50.86671764,4.30501105,74
2018-09-20T10:07:39.752+0100,50.86671561,4.30501024,74
2018-09-20T10:07:40.744+0100,50.8667131,4.30501069,73
2018-09-20T10:07:41.789+0100,50.86671044,4.30501037,74
2018-09-20T10:07:42.728+0100,50.86670961,4.30501018,73
2018-09-20T10:07:43.712+0100,50.86670795,4.30501169,73
2018-09-20T10:07:44.744+0100,50.86670696,4.30501198,74
2018-09-20T10:07:45.747+0100,50.86670825,4.30501384,74
2018-09-20T10:07:46.749+0100,50.86670972,4.30501259,74
2018-09-20T10:07:47.757+0100,50.86670921,4.30501152,73
2018-09-20T10:07:48.775+0100,50.86670859,4.30501135,73
2018-09-20T10:07:49.786+0100,50.86670799,4.30501116,73
2018-09-20T10:07:50.715+0100,50.86670765,4.30501109,73
2018-09-20T10:07:51.771+0100,50.86670749,4.30501107,74
2018-09-20T10:07:52.839+0100,50.86670749,4.30501116,73
2018-09-20T10:07:53.716+0100,50.86670676,4.30501216,73
2018-09-20T10:07:54.783+0100,50.86670639,4.30501265,73
2018-09-20T10:07:55.745+0100,50.86670625,4.30501291,74
2018-09-20T10:07:56.799+0100,50.86670614,4.305013,73
2018-09-20T10:07:57.756+0100,50.86670609,4.30501315,74
2018-09-20T10:07:58.704+0100,50.86670606,4.30501328,73
2018-09-20T10:07:59.738+0100,50.86670578,4.30501314,73
2018-09-20T10:08:00.861+0100,50.86670556,4.30501302,73
2018-09-20T10:08:01.779+0100,50.86670543,4.305013,74
2018-09-20T10:08:02.752+0100,50.86670537,4.30501303,74
2018-09-20T10:08:03.817+0100,50.86670523,4.30501307,74
2018-09-20T10:08:04.773+0100,50.86670464,4.30501257,74
2018-09-20T10:08:05.786+0100,50.86670348,4.30501253,74
2018-09-20T10:08:06.792+0100,50.86670347,4.30500775,73
2018-09-20T10:08:07.685+0100,50.86670767,4.30499651,74
2018-09-20T10:08:08.680+0100,50.86670864,4.3049926,74
2018-09-20T10:08:09.696+0100,50.86670758,4.30499673,73
2018-09-20T10:08:10.719+0100,50.86670768,4.30499812,73
2018-09-20T10:08:11.682+0100,50.86670899,4.30499836,74
2018-09-20T10:08:12.733+0100,50.86670952,4.30499992,74
2018-09-20T10:08:13.766+0100,50.86670943,4.30500464,73
2018-09-20T10:08:14.752+0100,50.86671051,4.30500513,73
2018-09-20T10:08:15.741+0100,50.86671187,4.30500275,74
2018-09-20T10:08:16.717+0100,50.8667099,4.30500233,73
2018-09-20T10:08:17.741+0100,50.8667125,4.30500282,73
2018-09-20T10:08:18.750+0100,50.86671172,4.30500397,73
2018-09-20T10:08:19.742+0100,50.8667101,4.30499916,73
2018-09-20T10:08:20.720+0100,50.86671013,4.30499497,73
2018-09-20T10:08:21.733+0100,50.86671051,4.30499062,73
2018-09-20T10:08:22.778+0100,50.86671179,4.30498671,73
2018-09-20T10:08:23.743+0100,50.86671473,4.30498208,73
2018-09-20T10:08:24.711+0100,50.86671573,4.30498092,74
2018-09-20T10:08:25.682+0100,50.86671674,4.30498036,73
2018-09-20T10:08:26.802+0100,50.86671776,4.30498009,73
2018-09-20T10:08:27.769+0100,50.86671943,4.30498113,73
2018-09-20T10:08:28.753+0100,50.86671995,4.30498262,74
2018-09-20T10:08:29.689+0100,50.86672021,4.30498371,74
2018-09-20T10:08:30.805+0100,50.86672033,4.30498423,73
2018-09-20T10:08:31.735+0100,50.86672026,4.30498388,74
2018-09-20T10:08:32.709+0100,50.86672009,4.30498302,74
2018-09-20T10:08:34.132+0100,50.86672009,4.30498282,73
2018-09-20T10:08:34.735+0100,50.86672009,4.30498282,73
2018-09-20T10:08:35.722+0100,50.86672004,4.30498268,73
2018-09-20T10:08:36.706+0100,50.86671995,4.30498248,73
2018-09-20T10:08:37.726+0100,50.86671976,4.30498193,74
2018-09-20T10:08:38.766+0100,50.86671931,4.30498304,74
2018-09-20T10:08:39.716+0100,50.86671913,4.30498603,73
2018-09-20T10:08:40.728+0100,50.86672153,4.30499494,72
2018-09-20T10:08:41.728+0100,50.86672292,4.30499315,72
2018-09-20T10:08:42.719+0100,50.8667235,4.30499436,73
2018-09-20T10:09:09.741+0100,50.8667235,4.30499436,73
2018-09-20T10:09:10.742+0100,50.8667235,4.30499436,73
2018-09-20T10:09:11.688+0100,50.86672308,4.30499558,74
2018-09-20T10:09:12.724+0100,50.86672101,4.30499439,72
2018-09-20T10:09:13.824+0100,50.86671777,4.30499606,73
2018-09-20T10:09:14.716+0100,50.86671639,4.30499869,73
2018-09-20T10:09:15.742+0100,50.86671379,4.30499797,72
2018-09-20T10:09:16.743+0100,50.86671159,4.30500341,73
2018-09-20T10:09:17.706+0100,50.86670743,4.30499825,73
2018-09-20T10:09:18.677+0100,50.86670203,4.30499516,73
2018-09-20T10:09:19.736+0100,50.86669805,4.30499311,74
2018-09-20T10:09:20.745+0100,50.86669739,4.30499736,73
2018-09-20T10:09:21.777+0100,50.86669584,4.30500198,73
2018-09-20T10:09:22.705+0100,50.86669475,4.30500371,73
2018-09-20T10:09:23.736+0100,50.86669298,4.3050056,74
2018-09-20T10:09:24.775+0100,50.86669596,4.30500672,73
2018-09-20T10:09:25.729+0100,50.86669569,4.30499549,74
2018-09-20T10:09:26.790+0100,50.86669423,4.30499567,73
2018-09-20T10:09:27.770+0100,50.86669414,4.30499956,73
2018-09-20T10:09:28.750+0100,50.86669274,4.30500057,74
2018-09-20T10:09:29.737+0100,50.86669225,4.30500075,73
2018-09-20T10:09:30.751+0100,50.86669131,4.30499858,73
2018-09-20T10:09:31.748+0100,50.86668636,4.30499411,73
2018-09-20T10:09:32.709+0100,50.86666793,4.30498337,74
2018-09-20T10:09:33.769+0100,50.86665832,4.30497806,72
2018-09-20T10:09:34.721+0100,50.86664667,4.30497686,74
2018-09-20T10:09:35.735+0100,50.86663374,4.3049865,73
2018-09-20T10:09:36.756+0100,50.8666219,4.30499961,73
2018-09-20T10:09:37.741+0100,50.86661532,4.30501324,73
2018-09-20T10:09:38.718+0100,50.86661152,4.30502544,73
2018-09-20T10:09:39.828+0100,50.86660679,4.30503605,73
2018-09-20T10:09:40.760+0100,50.86660226,4.30504388,73
2018-09-20T10:09:41.719+0100,50.86659734,4.30505167,72
2018-09-20T10:09:42.753+0100,50.86658969,4.30505979,72
2018-09-20T10:09:43.723+0100,50.86658105,4.30506498,73
2018-09-20T10:09:44.761+0100,50.8665682,4.30506945,73
2018-09-20T10:09:45.764+0100,50.86655506,4.30507351,73
2018-09-20T10:09:46.697+0100,50.86654188,4.30507586,73
2018-09-20T10:09:47.800+0100,50.86652947,4.30507676,73
2018-09-20T10:09:48.728+0100,50.86651723,4.30507796,73
2018-09-20T10:09:49.741+0100,50.86650335,4.30507939,72
2018-09-20T10:09:50.714+0100,50.86648975,4.30507935,73
2018-09-20T10:09:51.826+0100,50.86647641,4.30507895,72
2018-09-20T10:09:52.706+0100,50.86646207,4.30507526,73
2018-09-20T10:09:53.736+0100,50.86644873,4.30506871,73
2018-09-20T10:09:54.816+0100,50.86643603,4.30506237,73
2018-09-20T10:09:55.781+0100,50.86642645,4.3050596,72
2018-09-20T10:09:56.736+0100,50.86641826,4.30505844,73
2018-09-20T10:09:57.754+0100,50.86641248,4.30505711,73
2018-09-20T10:09:58.743+0100,50.86640316,4.30505563,72
2018-09-20T10:09:59.730+0100,50.86639206,4.30505677,73
2018-09-20T10:10:00.789+0100,50.86638003,4.30506351,73
2018-09-20T10:10:01.774+0100,50.86636958,4.30507085,74
2018-09-20T10:10:02.752+0100,50.86636003,4.30507532,73
2018-09-20T10:10:03.745+0100,50.86635365,4.3050792,72
2018-09-20T10:10:04.734+0100,50.86634798,4.30508185,73
2018-09-20T10:10:05.719+0100,50.86634258,4.30508122,73
2018-09-20T10:10:06.831+0100,50.86633651,4.30508137,73
2018-09-20T10:10:07.709+0100,50.86633083,4.30508295,73
2018-09-20T10:10:08.710+0100,50.86632317,4.30508444,73
2018-09-20T10:10:09.739+0100,50.8663137,4.30508515,74
2018-09-20T10:10:10.755+0100,50.86630098,4.30508616,73
2018-09-20T10:10:11.788+0100,50.86628653,4.30508563,73
2018-09-20T10:10:12.755+0100,50.86627253,4.30508418,73
2018-09-20T10:10:13.720+0100,50.86625855,4.30508224,73
2018-09-20T10:10:14.793+0100,50.86624543,4.3050817,73
2018-09-20T10:10:15.756+0100,50.8662308,4.30508059,73
2018-09-20T10:10:16.715+0100,50.86621936,4.30507726,73
2018-09-20T10:10:17.737+0100,50.86620786,4.30507237,73
2018-09-20T10:10:18.722+0100,50.86619816,4.30506692,72
2018-09-20T10:10:19.741+0100,50.86618803,4.30506303,73
2018-09-20T10:10:20.740+0100,50.86618007,4.30505829,73
2018-09-20T10:10:21.768+0100,50.86616924,4.30505573,73
2018-09-20T10:10:22.770+0100,50.86615833,4.30505188,73
2018-09-20T10:10:23.766+0100,50.86615046,4.30504776,73
2018-09-20T10:10:24.733+0100,50.86613939,4.30504643,73
2018-09-20T10:10:25.702+0100,50.86612716,4.3050469,73
2018-09-20T10:10:26.693+0100,50.86612207,4.30504928,73
2018-09-20T10:10:27.742+0100,50.86611701,4.30505029,73
2018-09-20T10:10:28.789+0100,50.86610989,4.30505189,73
2018-09-20T10:10:29.766+0100,50.86609881,4.30505443,72
2018-09-20T10:10:30.823+0100,50.86608982,4.30505485,73
2018-09-20T10:10:31.752+0100,50.86608429,4.30505385,73
2018-09-20T10:10:32.732+0100,50.86607948,4.30505085,73
2018-09-20T10:10:33.723+0100,50.86607381,4.30504725,72
2018-09-20T10:10:34.781+0100,50.86606975,4.30504474,73
2018-09-20T10:10:35.717+0100,50.86606597,4.30504308,73
2018-09-20T10:10:36.780+0100,50.86605861,4.3050424,72
2018-09-20T10:10:37.746+0100,50.86604924,4.30504189,73
2018-09-20T10:10:38.740+0100,50.86604116,4.30503699,73
2018-09-20T10:10:39.751+0100,50.8660335,4.30503177,73
2018-09-20T10:10:40.710+0100,50.8660279,4.30502521,73
2018-09-20T10:10:41.763+0100,50.86602405,4.30502418,73
2018-09-20T10:10:42.749+0100,50.86602033,4.30502389,72
2018-09-20T10:10:43.782+0100,50.86601804,4.30502366,73
2018-09-20T10:10:44.753+0100,50.86601442,4.30502554,73
2018-09-20T10:10:45.783+0100,50.86601122,4.30502653,72
2018-09-20T10:10:46.683+0100,50.86601071,4.30502748,73
2018-09-20T10:10:47.739+0100,50.86600802,4.30502397,72
2018-09-20T10:10:48.780+0100,50.86600638,4.30502134,73
2018-09-20T10:10:49.699+0100,50.86600518,4.30502036,73
2018-09-20T10:10:50.699+0100,50.86600421,4.30501824,73
2018-09-20T10:10:51.720+0100,50.86600382,4.30501676,73
2018-09-20T10:10:52.822+0100,50.86600387,4.30501641,73
2018-09-20T10:10:53.736+0100,50.86600351,4.30501682,72
2018-09-20T10:10:54.732+0100,50.86600296,4.30501796,73
2018-09-20T10:10:55.865+0100,50.86600269,4.30501853,72
2018-09-20T10:10:56.743+0100,50.86600254,4.3050188,73
2018-09-20T10:10:57.726+0100,50.86600248,4.30501887,73
2018-09-20T10:10:58.703+0100,50.86600205,4.30501879,72
2018-09-20T10:10:59.740+0100,50.86600178,4.30501874,73
2018-09-20T10:11:00.741+0100,50.86600168,4.30501873,74
2018-09-20T10:11:01.788+0100,50.86600156,4.30501872,73
2018-09-20T10:11:02.748+0100,50.86600149,4.30501874,73
2018-09-20T10:11:03.730+0100,50.86600149,4.30501901,73
2018-09-20T10:11:04.777+0100,50.86600149,4.30501918,72
2018-09-20T10:11:05.755+0100,50.86600149,4.30501927,73
2018-09-20T10:11:06.732+0100,50.8660015,4.30501932,72
2018-09-20T10:11:07.708+0100,50.86600149,4.30501935,73
2018-09-20T10:11:08.782+0100,50.86600147,4.30501935,73
2018-09-20T10:11:09.811+0100,50.86600146,4.30501931,73
2018-09-20T10:11:10.682+0100,50.86600145,4.30501931,73
2018-09-20T10:11:11.767+0100,50.86600145,4.30501931,73
2018-09-20T10:11:12.718+0100,50.86600145,4.30501931,73
2018-09-20T10:11:13.722+0100,50.86600145,4.30501931,73
2018-09-20T10:11:14.708+0100,50.86600145,4.30501931,72
2018-09-20T10:11:15.716+0100,50.86600142,4.30501937,73
2018-09-20T10:11:16.732+0100,50.86600139,4.3050191,73
2018-09-20T10:11:17.818+0100,50.86600137,4.30501896,73
2018-09-20T10:11:18.739+0100,50.86600135,4.30501888,72
2018-09-20T10:11:19.758+0100,50.86600133,4.30501883,73
2018-09-20T10:11:20.690+0100,50.86600129,4.30501883,73
2018-09-20T10:11:21.767+0100,50.86600129,4.30501883,73
2018-09-20T10:11:22.733+0100,50.86600127,4.30501881,72
2018-09-20T10:11:23.766+0100,50.86600128,4.30501884,73
2018-09-20T10:11:24.755+0100,50.86600132,4.30501882,73
2018-09-20T10:11:25.771+0100,50.86600134,4.30501878,73
2018-09-20T10:11:26.738+0100,50.86600132,4.30501881,73
2018-09-20T10:11:27.767+0100,50.86600127,4.30501887,73
2018-09-20T10:11:28.729+0100,50.86600122,4.30501892,72
2018-09-20T10:11:29.716+0100,50.86600126,4.30501897,73
2018-09-20T10:11:30.741+0100,50.86600126,4.30501899,72
2018-09-20T10:11:31.741+0100,50.86600179,4.3050198,73
2018-09-20T10:11:32.769+0100,50.86600218,4.30502037,73
2018-09-20T10:11:33.718+0100,50.86600224,4.30502059,73
2018-09-20T10:11:34.750+0100,50.86600224,4.30502071,73
2018-09-20T10:11:35.750+0100,50.86600219,4.30502082,73
2018-09-20T10:11:36.736+0100,50.86600223,4.30502086,73
2018-09-20T10:11:37.768+0100,50.86599813,4.30502263,73
2018-09-20T10:11:38.705+0100,50.86599741,4.30502708,73
2018-09-20T10:11:39.688+0100,50.86600016,4.30502711,73
2018-09-20T10:11:40.669+0100,50.86599771,4.30502501,73
2018-09-20T10:11:41.678+0100,50.86600379,4.3050252,73
2018-09-20T10:11:42.712+0100,50.86600523,4.30502378,73
2018-09-20T10:11:43.686+0100,50.86600373,4.3050247,72
2018-09-20T10:11:44.789+0100,50.86600416,4.3050221,72
2018-09-20T10:11:45.760+0100,50.8660096,4.30501549,73
2018-09-20T10:11:46.754+0100,50.86600957,4.30500443,72
2018-09-20T10:11:47.695+0100,50.86601176,4.30500554,73
2018-09-20T10:11:48.818+0100,50.86601207,4.3050059,73
2018-09-20T10:11:49.738+0100,50.86600949,4.30501283,73
2018-09-20T10:11:50.710+0100,50.86600785,4.30501419,73
2018-09-20T10:11:51.788+0100,50.86600734,4.30501477,73
2018-09-20T10:11:52.676+0100,50.8660076,4.30501479,73
2018-09-20T10:11:53.738+0100,50.86600757,4.30501509,73
2018-09-20T10:11:54.725+0100,50.86600751,4.3050152,73
2018-09-20T10:11:55.781+0100,50.86600743,4.30501529,73
2018-09-20T10:11:57.331+0100,50.86599926,4.3050213,72
2018-09-20T10:11:57.715+0100,50.86599926,4.3050213,72
2018-09-20T10:11:58.788+0100,50.86599883,4.30502162,73
2018-09-20T10:11:59.716+0100,50.86599866,4.3050218,73
2018-09-20T10:12:00.739+0100,50.86599894,4.30502181,73
2018-09-20T10:12:01.789+0100,50.86599903,4.3050219,73
2018-09-20T10:12:02.729+0100,50.86599906,4.30502196,73
2018-09-20T10:12:03.749+0100,50.86599906,4.30502205,73
2018-09-20T10:12:04.824+0100,50.86599911,4.30502216,73
2018-09-20T10:12:05.712+0100,50.8659991,4.30502227,73
2018-09-20T10:12:06.769+0100,50.86599903,4.30502236,73
2018-09-20T10:12:07.732+0100,50.865999,4.30502242,73
2018-09-20T10:12:08.727+0100,50.86599898,4.30502244,72
2018-09-20T10:12:09.700+0100,50.86599894,4.3050225,73
2018-09-20T10:12:10.766+0100,50.86599898,4.30502248,74
2018-09-20T10:12:11.767+0100,50.86599898,4.30502248,72
2018-09-20T10:12:12.759+0100,50.86599893,4.3050225,73
2018-09-20T10:12:13.742+0100,50.86599892,4.30502251,73
2018-09-20T10:12:14.760+0100,50.86599893,4.30502252,72
2018-09-20T10:12:15.734+0100,50.86599891,4.3050225,72
2018-09-20T10:12:16.728+0100,50.86599891,4.30502258,73
2018-09-20T10:12:17.799+0100,50.86599891,4.3050226,73
2018-09-20T10:12:18.729+0100,50.86599888,4.30502262,73
2018-09-20T10:12:19.761+0100,50.86599885,4.3050226,72
2018-09-20T10:12:20.729+0100,50.86599883,4.30502259,73
2018-09-20T10:12:21.770+0100,50.86599882,4.30502258,73
2018-09-20T10:12:22.751+0100,50.8659988,4.30502258,74
2018-09-20T10:12:23.712+0100,50.86599879,4.30502257,73
2018-09-20T10:12:24.692+0100,50.86599877,4.30502258,73
2018-09-20T10:12:25.731+0100,50.86599874,4.30502258,73
2018-09-20T10:12:26.710+0100,50.86599871,4.30502259,72
2018-09-20T10:12:27.776+0100,50.86599873,4.30502253,73
2018-09-20T10:12:28.730+0100,50.86599869,4.30502249,73
2018-09-20T10:12:29.751+0100,50.8659987,4.30502246,73
2018-09-20T10:12:30.791+0100,50.86599871,4.30502243,73
2018-09-20T10:12:31.717+0100,50.8659987,4.30502244,72
2018-09-20T10:12:32.764+0100,50.86599871,4.30502244,74
2018-09-20T10:12:33.668+0100,50.8659987,4.30502244,73
2018-09-20T10:12:34.723+0100,50.86599865,4.30502265,73
2018-09-20T10:12:35.727+0100,50.86599863,4.30502275,73
2018-09-20T10:12:36.721+0100,50.86599862,4.3050228,73
2018-09-20T10:12:37.735+0100,50.8659986,4.30502283,73
2018-09-20T10:12:38.779+0100,50.86599861,4.30502284,72
2018-09-20T10:12:39.695+0100,50.86599862,4.30502284,72
2018-09-20T10:12:40.833+0100,50.86599863,4.30502284,72
2018-09-20T10:12:41.735+0100,50.86599862,4.30502283,73
2018-09-20T10:12:42.700+0100,50.86599864,4.30502282,73
2018-09-20T10:12:43.742+0100,50.86599864,4.3050228,73
2018-09-20T10:12:44.736+0100,50.86599865,4.30502278,73
2018-09-20T10:12:45.714+0100,50.86599865,4.30502276,72
2018-09-20T10:12:46.721+0100,50.86599863,4.30502277,73
2018-09-20T10:12:47.735+0100,50.86599864,4.30502282,73
2018-09-20T10:12:48.727+0100,50.86599863,4.30502283,73
2018-09-20T10:12:49.754+0100,50.86599865,4.30502284,72
2018-09-20T10:12:50.763+0100,50.86599864,4.30502285,73
2018-09-20T10:12:51.764+0100,50.86599865,4.30502288,72
2018-09-20T10:12:52.741+0100,50.86599866,4.30502288,73
2018-09-20T10:12:53.701+0100,50.865999,4.30502277,73
2018-09-20T10:12:54.759+0100,50.86600007,4.30502319,73
2018-09-20T10:12:55.749+0100,50.86600089,4.30502354,73
2018-09-20T10:12:56.720+0100,50.86600124,4.30502355,73
2018-09-20T10:12:57.807+0100,50.86600139,4.30502353,73
2018-09-20T10:12:58.719+0100,50.8660015,4.30502354,73
2018-09-20T10:12:59.711+0100,50.86600204,4.30502332,73
2018-09-20T10:13:00.760+0100,50.86600216,4.30502329,73
2018-09-20T10:13:01.711+0100,50.8660022,4.30502329,72
2018-09-20T10:13:02.729+0100,50.86600221,4.30502326,73
2018-09-20T10:13:03.855+0100,50.86600219,4.30502334,73
2018-09-20T10:13:04.712+0100,50.8660022,4.30502333,73
2018-09-20T10:13:05.762+0100,50.86600223,4.3050234,73
2018-09-20T10:13:06.689+0100,50.86600224,4.30502342,73
2018-09-20T10:13:07.800+0100,50.86600223,4.30502345,72
2018-09-20T10:13:08.776+0100,50.8660022,4.30502348,73
2018-09-20T10:13:09.778+0100,50.86600217,4.30502354,73
2018-09-20T10:13:10.777+0100,50.86600219,4.30502356,73
2018-09-20T10:13:11.723+0100,50.86600214,4.30502356,73
2018-09-20T10:13:12.736+0100,50.86600215,4.30502356,73
2018-09-20T10:13:13.755+0100,50.86600216,4.30502354,74
2018-09-20T10:13:14.703+0100,50.86600219,4.30502411,72
2018-09-20T10:13:15.705+0100,50.86600217,4.3050243,73
2018-09-20T10:13:16.723+0100,50.8660022,4.30502435,73
2018-09-20T10:13:17.750+0100,50.8660022,4.30502434,73
2018-09-20T10:13:18.767+0100,50.8660022,4.30502432,73
2018-09-20T10:13:19.735+0100,50.86600221,4.30502429,72
2018-09-20T10:13:20.754+0100,50.86600222,4.30502428,73
2018-09-20T10:13:21.781+0100,50.86600221,4.30502433,73
2018-09-20T10:13:22.734+0100,50.86600222,4.30502435,73
2018-09-20T10:13:23.713+0100,50.8660022,4.30502441,73
2018-09-20T10:13:24.729+0100,50.86600219,4.30502442,73
2018-09-20T10:13:25.730+0100,50.86600218,4.30502442,73
2018-09-20T10:13:26.745+0100,50.86600218,4.30502442,73
2018-09-20T10:13:27.754+0100,50.86600218,4.30502438,73
2018-09-20T10:13:28.715+0100,50.8660022,4.30502436,73
2018-09-20T10:13:29.794+0100,50.86600224,4.30502427,73
2018-09-20T10:13:30.719+0100,50.86600224,4.30502426,73
2018-09-20T10:13:31.715+0100,50.86600225,4.30502426,73
2018-09-20T10:13:32.756+0100,50.86600226,4.30502427,73
2018-09-20T10:13:33.732+0100,50.86600227,4.30502427,73
2018-09-20T10:13:34.739+0100,50.86600231,4.30502451,73
2018-09-20T10:13:35.690+0100,50.86600232,4.30502457,73
2018-09-20T10:13:36.760+0100,50.86600231,4.30502456,73
2018-09-20T10:13:37.699+0100,50.86600227,4.30502461,72
2018-09-20T10:13:38.711+0100,50.86600225,4.30502462,73
2018-09-20T10:13:39.704+0100,50.86600224,4.30502461,73
2018-09-20T10:13:40.718+0100,50.86600222,4.30502463,73
2018-09-20T10:13:41.782+0100,50.86600223,4.30502467,74
2018-09-20T10:13:42.763+0100,50.86600223,4.3050247,73
2018-09-20T10:13:43.747+0100,50.86600221,4.3050248,73
2018-09-20T10:13:44.748+0100,50.8660022,4.30502487,73
2018-09-20T10:13:45.767+0100,50.8660022,4.30502493,73
2018-09-20T10:13:46.693+0100,50.86600224,4.30502493,73
2018-09-20T10:13:47.759+0100,50.86600302,4.30504157,73
2018-09-20T10:13:48.731+0100,50.86600426,4.30505415,73
2018-09-20T10:13:49.708+0100,50.86600807,4.30506439,73
2018-09-20T10:13:50.753+0100,50.86601061,4.30506633,73
2018-09-20T10:13:51.697+0100,50.86600872,4.30506426,72
2018-09-20T10:13:52.738+0100,50.86600778,4.30507797,73
2018-09-20T10:13:53.727+0100,50.86600852,4.30509278,73
2018-09-20T10:13:54.712+0100,50.8660104,4.30509791,73
2018-09-20T10:13:55.737+0100,50.86600986,4.30511537,73
2018-09-20T10:13:56.723+0100,50.8660097,4.3051406,73
2018-09-20T10:13:57.774+0100,50.86600803,4.3051684,73
2018-09-20T10:13:58.736+0100,50.86600761,4.30519205,73
2018-09-20T10:13:59.695+0100,50.86600814,4.30521105,73
2018-09-20T10:14:00.722+0100,50.86601169,4.30522801,72
2018-09-20T10:14:01.752+0100,50.86601518,4.30524475,73
2018-09-20T10:14:02.700+0100,50.86601783,4.30526175,73
2018-09-20T10:14:03.794+0100,50.8660186,4.30528109,73
2018-09-20T10:14:04.720+0100,50.86601913,4.30529738,73
2018-09-20T10:14:05.692+0100,50.86601966,4.30530771,73
2018-09-20T10:14:06.736+0100,50.86602049,4.30531512,73
2018-09-20T10:14:07.736+0100,50.86602469,4.30531004,73
2018-09-20T10:14:08.720+0100,50.86602868,4.30531409,74
2018-09-20T10:14:09.697+0100,50.86602869,4.30532243,73
2018-09-20T10:14:10.701+0100,50.86602819,4.30533597,73
2018-09-20T10:14:11.738+0100,50.86602655,4.3053506,72
2018-09-20T10:14:12.772+0100,50.86602343,4.30536693,74
2018-09-20T10:14:13.734+0100,50.86602147,4.30538274,73
2018-09-20T10:14:14.718+0100,50.86602031,4.30539656,72
2018-09-20T10:14:15.707+0100,50.86601893,4.3054071,73
2018-09-20T10:14:16.749+0100,50.86601699,4.30541855,73
2018-09-20T10:14:17.705+0100,50.86601339,4.30543566,73
2018-09-20T10:14:18.779+0100,50.86600641,4.30544567,73
2018-09-20T10:14:19.703+0100,50.866005,4.30544855,73
2018-09-20T10:14:20.684+0100,50.86600742,4.3054521,73
2018-09-20T10:14:21.698+0100,50.86600155,4.30545312,73
2018-09-20T10:14:22.737+0100,50.86599441,4.30546115,73
2018-09-20T10:14:23.735+0100,50.86598883,4.30547859,73
2018-09-20T10:14:24.735+0100,50.86598123,4.30549016,73
2018-09-20T10:14:25.766+0100,50.86597435,4.30550031,74
2018-09-20T10:14:26.725+0100,50.86596749,4.30551223,73
2018-09-20T10:14:27.727+0100,50.86596099,4.30552102,73
2018-09-20T10:14:28.716+0100,50.86596064,4.30552446,73
2018-09-20T10:14:29.728+0100,50.86595897,4.30552824,73
2018-09-20T10:14:30.777+0100,50.86595425,4.30553163,73
2018-09-20T10:14:31.732+0100,50.86595063,4.30553708,73
2018-09-20T10:14:32.803+0100,50.8659442,4.30554249,73
2018-09-20T10:14:33.745+0100,50.86594325,4.30554233,73
2018-09-20T10:14:34.744+0100,50.86594227,4.30554404,73
2018-09-20T10:14:35.725+0100,50.86594314,4.30554236,73
2018-09-20T10:14:36.752+0100,50.86594492,4.30554172,73
2018-09-20T10:14:37.712+0100,50.86592985,4.30554773,72
2018-09-20T10:14:38.700+0100,50.86590975,4.30555559,72
2018-09-20T10:14:39.704+0100,50.86589596,4.30556342,73
2018-09-20T10:14:40.794+0100,50.86588093,4.30556074,72
2018-09-20T10:14:41.693+0100,50.86586926,4.30555117,73
2018-09-20T10:14:42.711+0100,50.86586192,4.30554085,73
2018-09-20T10:14:43.677+0100,50.86585137,4.30553312,74
2018-09-20T10:14:44.748+0100,50.86583601,4.30553197,73
2018-09-20T10:14:45.801+0100,50.86582234,4.3055346,73
2018-09-20T10:14:46.883+0100,50.86580954,4.30553676,73
2018-09-20T10:14:47.685+0100,50.86579853,4.30553633,73
2018-09-20T10:14:48.663+0100,50.86578728,4.30553616,72
2018-09-20T10:14:49.692+0100,50.86577498,4.3055364,73
2018-09-20T10:14:50.682+0100,50.86576497,4.30553753,73
2018-09-20T10:14:51.717+0100,50.86575269,4.30553866,72
2018-09-20T10:14:52.736+0100,50.86573813,4.30554065,72
2018-09-20T10:14:53.671+0100,50.8657232,4.3055407,73
2018-09-20T10:14:54.719+0100,50.86570919,4.30554174,73
2018-09-20T10:14:55.735+0100,50.8656944,4.30554369,73
2018-09-20T10:14:56.753+0100,50.86568253,4.30554542,73
2018-09-20T10:14:57.755+0100,50.86567325,4.30554277,73
2018-09-20T10:14:58.691+0100,50.86566573,4.30554009,73
2018-09-20T10:14:59.739+0100,50.86566063,4.305537,73
2018-09-20T10:15:00.751+0100,50.86565353,4.30553625,74
2018-09-20T10:15:01.742+0100,50.86564579,4.30554082,74
2018-09-20T10:15:02.736+0100,50.86563846,4.30554806,73
2018-09-20T10:15:03.683+0100,50.86563148,4.30555287,73
2018-09-20T10:15:04.738+0100,50.86562308,4.30555718,73
2018-09-20T10:15:05.750+0100,50.86561553,4.30556151,73
2018-09-20T10:15:06.685+0100,50.8656059,4.30556618,73
2018-09-20T10:15:07.697+0100,50.86559366,4.3055705,73
2018-09-20T10:15:08.757+0100,50.86558248,4.30557601,73
2018-09-20T10:15:09.789+0100,50.8655734,4.30557599,73
2018-09-20T10:15:10.699+0100,50.86556516,4.30557612,73
2018-09-20T10:15:11.707+0100,50.86555764,4.30557701,73
2018-09-20T10:15:12.752+0100,50.86554811,4.30557753,73
2018-09-20T10:15:13.682+0100,50.8655366,4.30557967,73
2018-09-20T10:15:14.747+0100,50.8655247,4.30558401,73
2018-09-20T10:15:15.732+0100,50.86551337,4.3055921,73
2018-09-20T10:15:16.786+0100,50.86550299,4.30559967,73
2018-09-20T10:15:17.746+0100,50.86549089,4.30560846,72
2018-09-20T10:15:18.775+0100,50.86548035,4.30561912,73
2018-09-20T10:15:19.714+0100,50.86547089,4.30563054,73
2018-09-20T10:15:20.720+0100,50.86546357,4.30564331,73
2018-09-20T10:15:21.698+0100,50.86545685,4.3056551,73
2018-09-20T10:15:22.801+0100,50.86545102,4.30566621,74
2018-09-20T10:15:23.743+0100,50.8654461,4.3056771,74
2018-09-20T10:15:24.693+0100,50.86543908,4.30568822,73
2018-09-20T10:15:25.748+0100,50.86543161,4.30569915,73
2018-09-20T10:15:26.733+0100,50.86542322,4.30570774,72
2018-09-20T10:15:27.735+0100,50.86541274,4.30571736,73
2018-09-20T10:15:28.765+0100,50.86539904,4.30573133,73
2018-09-20T10:15:29.785+0100,50.86538522,4.30574407,73
2018-09-20T10:15:30.798+0100,50.86537616,4.30575515,73
2018-09-20T10:15:31.713+0100,50.86536817,4.30576488,74
2018-09-20T10:15:32.689+0100,50.86535806,4.30577913,73
2018-09-20T10:15:33.757+0100,50.865347,4.30579226,73
2018-09-20T10:15:34.740+0100,50.86533805,4.30580341,74
2018-09-20T10:15:35.728+0100,50.86532988,4.30581528,73
2018-09-20T10:15:36.692+0100,50.8653215,4.30582651,73
2018-09-20T10:15:37.770+0100,50.86531233,4.30583772,73
2018-09-20T10:15:38.709+0100,50.86530307,4.30585039,73
2018-09-20T10:15:39.714+0100,50.86529472,4.30586441,73
2018-09-20T10:15:40.816+0100,50.86528767,4.30587659,73
2018-09-20T10:15:41.724+0100,50.86528134,4.30588542,73
2018-09-20T10:15:42.732+0100,50.86527223,4.30589171,73
2018-09-20T10:15:43.694+0100,50.86526202,4.30589306,73
2018-09-20T10:15:44.717+0100,50.86524577,4.3058926,73
2018-09-20T10:15:45.704+0100,50.86522951,4.30589565,73
2018-09-20T10:15:46.712+0100,50.86522537,4.30590232,73
2018-09-20T10:15:47.725+0100,50.86522161,4.30590755,73
2018-09-20T10:15:48.698+0100,50.86521821,4.30591528,74
2018-09-20T10:15:49.701+0100,50.86521221,4.30592492,72
2018-09-20T10:15:50.731+0100,50.86520379,4.305934,73
2018-09-20T10:15:51.734+0100,50.86519395,4.30594322,74
2018-09-20T10:15:52.732+0100,50.8651823,4.30595077,74
2018-09-20T10:15:53.786+0100,50.86517241,4.30596162,73
2018-09-20T10:15:54.725+0100,50.86516844,4.30595552,73
2018-09-20T10:15:55.730+0100,50.86516895,4.30594802,73
2018-09-20T10:15:56.762+0100,50.86516819,4.30594576,73
2018-09-20T10:15:57.732+0100,50.86516678,4.30594067,73
2018-09-20T10:15:58.752+0100,50.86516481,4.30593514,73
2018-09-20T10:15:59.737+0100,50.86516246,4.30593085,74
2018-09-20T10:16:00.768+0100,50.86516109,4.30593121,73
2018-09-20T10:16:01.772+0100,50.86516349,4.30593403,73
2018-09-20T10:16:02.735+0100,50.86516582,4.30594005,73
2018-09-20T10:16:03.731+0100,50.86516822,4.30594567,73
2018-09-20T10:16:04.746+0100,50.86516922,4.30594748,73
2018-09-20T10:16:05.764+0100,50.86516947,4.30594818,73
2018-09-20T10:16:06.776+0100,50.86516918,4.30594828,73
2018-09-20T10:16:07.768+0100,50.86516897,4.30594912,73
2018-09-20T10:16:08.707+0100,50.86516886,4.30594953,73
2018-09-20T10:16:09.755+0100,50.86516214,4.30595106,72
2018-09-20T10:16:10.722+0100,50.8651506,4.30595582,73
2018-09-20T10:16:11.696+0100,50.86513636,4.30595602,73
2018-09-20T10:16:12.737+0100,50.86512044,4.3059666,73
2018-09-20T10:16:13.746+0100,50.865106,4.30597982,74
2018-09-20T10:16:14.695+0100,50.86509357,4.30599785,73
2018-09-20T10:16:15.751+0100,50.86508013,4.30601731,73
2018-09-20T10:16:16.726+0100,50.86506836,4.30603709,73
2018-09-20T10:16:17.711+0100,50.86505981,4.30605629,73
2018-09-20T10:16:18.754+0100,50.86505109,4.3060726,73
2018-09-20T10:16:19.669+0100,50.86504192,4.30608788,73
2018-09-20T10:16:20.689+0100,50.86503374,4.30610055,73
2018-09-20T10:16:21.696+0100,50.86502451,4.30611237,73
2018-09-20T10:16:22.802+0100,50.86501611,4.30612737,74
2018-09-20T10:16:23.735+0100,50.86500637,4.30614041,73
2018-09-20T10:16:24.696+0100,50.86499924,4.30615479,73
2018-09-20T10:16:25.731+0100,50.86499232,4.30616974,73
2018-09-20T10:16:26.687+0100,50.86499042,4.30617919,73
2018-09-20T10:16:27.759+0100,50.86498918,4.30618755,73
2018-09-20T10:16:28.729+0100,50.86498911,4.3061979,73
2018-09-20T10:16:29.801+0100,50.86498698,4.30620095,73
2018-09-20T10:16:30.710+0100,50.8649863,4.30620174,72
2018-09-20T10:16:31.752+0100,50.86498524,4.30619913,73
2018-09-20T10:16:32.743+0100,50.8649831,4.30619,74
2018-09-20T10:16:33.721+0100,50.86498176,4.30618832,73
2018-09-20T10:16:34.687+0100,50.86498018,4.30619259,73
2018-09-20T10:16:35.670+0100,50.86497528,4.30619815,73
2018-09-20T10:16:36.718+0100,50.86497426,4.30619771,73
2018-09-20T10:16:37.678+0100,50.86497302,4.30620066,73
2018-09-20T10:16:38.722+0100,50.86497373,4.30619949,73
2018-09-20T10:16:39.757+0100,50.86497324,4.30619947,73
2018-09-20T10:16:40.715+0100,50.8649727,4.30620061,73
2018-09-20T10:16:41.732+0100,50.86497209,4.30620264,73
2018-09-20T10:16:42.730+0100,50.86497423,4.30620499,73
2018-09-20T10:16:43.749+0100,50.8649758,4.30620635,73
2018-09-20T10:16:44.736+0100,50.8649753,4.30620895,73
2018-09-20T10:16:45.705+0100,50.86496919,4.30622054,73
2018-09-20T10:16:46.723+0100,50.86495975,4.30622661,73
2018-09-20T10:16:47.721+0100,50.86495225,4.30623626,73
2018-09-20T10:16:48.787+0100,50.86494284,4.30624958,73
2018-09-20T10:16:49.752+0100,50.86493491,4.3062594,73
2018-09-20T10:16:50.745+0100,50.86492672,4.3062674,73
2018-09-20T10:16:51.693+0100,50.86491143,4.30628457,73
2018-09-20T10:16:52.696+0100,50.86490545,4.30629112,73
2018-09-20T10:16:53.715+0100,50.86490346,4.30629368,72
2018-09-20T10:16:54.744+0100,50.86490455,4.30629695,73
2018-09-20T10:16:55.697+0100,50.86490396,4.30629803,73
2018-09-20T10:16:56.815+0100,50.86490684,4.3062819,73
2018-09-20T10:16:57.706+0100,50.86491229,4.30625759,73
2018-09-20T10:16:58.733+0100,50.86492434,4.30623828,73
2018-09-20T10:16:59.774+0100,50.8649393,4.30622316,73
2018-09-20T10:17:00.740+0100,50.86494839,4.3062198,73
2018-09-20T10:17:01.708+0100,50.86495154,4.30622228,74
2018-09-20T10:17:02.740+0100,50.86495113,4.30622346,73
2018-09-20T10:17:03.734+0100,50.86495263,4.30622659,73
2018-09-20T10:17:04.744+0100,50.86495327,4.30622639,72
2018-09-20T10:17:05.719+0100,50.86495394,4.30622724,73
2018-09-20T10:17:06.819+0100,50.86495475,4.30622739,73
2018-09-20T10:17:07.760+0100,50.86495493,4.30622718,73
2018-09-20T10:17:08.815+0100,50.8649553,4.30622768,73
2018-09-20T10:17:09.695+0100,50.86495399,4.30622629,73
2018-09-20T10:17:10.689+0100,50.86495115,4.3062268,73
2018-09-20T10:17:11.684+0100,50.86494559,4.30622597,74
2018-09-20T10:17:12.743+0100,50.86494258,4.30622515,73
2018-09-20T10:17:13.698+0100,50.86494098,4.30622294,73
2018-09-20T10:17:14.673+0100,50.8649428,4.30621962,72
2018-09-20T10:17:15.697+0100,50.86494512,4.30621548,73
2018-09-20T10:17:16.692+0100,50.86494607,4.30621439,73
2018-09-20T10:17:17.688+0100,50.86494575,4.30620944,73
2018-09-20T10:17:18.796+0100,50.86494816,4.30620125,73
2018-09-20T10:17:19.741+0100,50.86494995,4.30620075,74
2018-09-20T10:17:20.735+0100,50.8649512,4.30619848,72
2018-09-20T10:17:21.667+0100,50.86495334,4.30619961,73
2018-09-20T10:17:22.745+0100,50.86495448,4.30620067,73
2018-09-20T10:17:23.688+0100,50.86495388,4.30620233,73
2018-09-20T10:17:24.722+0100,50.8649554,4.30620481,74
2018-09-20T10:17:25.740+0100,50.86495747,4.30620645,73
2018-09-20T10:17:26.712+0100,50.86495857,4.30620733,73
2018-09-20T10:17:27.721+0100,50.86495931,4.30620729,73
2018-09-20T10:17:28.777+0100,50.86495923,4.30620769,73
2018-09-20T10:17:29.690+0100,50.86495918,4.30620909,73
2018-09-20T10:17:30.756+0100,50.86495924,4.30620964,73
2018-09-20T10:17:31.778+0100,50.86495924,4.30621005,73
2018-09-20T10:17:32.697+0100,50.86495926,4.30621029,73
2018-09-20T10:17:33.740+0100,50.86495926,4.3062104,73
2018-09-20T10:17:34.702+0100,50.86495927,4.30621048,73
2018-09-20T10:17:35.755+0100,50.8649593,4.30621058,73
2018-09-20T10:17:36.706+0100,50.86495934,4.30621064,73
2018-09-20T10:17:37.761+0100,50.86495935,4.30621067,74
2018-09-20T10:17:38.738+0100,50.86495937,4.30621071,74
2018-09-20T10:17:39.671+0100,50.86495936,4.30621075,73
2018-09-20T10:17:40.742+0100,50.86495939,4.30621077,73
2018-09-20T10:17:41.752+0100,50.86495938,4.30621078,73
2018-09-20T10:17:42.696+0100,50.86495937,4.30621079,73
2018-09-20T10:17:43.802+0100,50.86495938,4.30621081,73
2018-09-20T10:17:44.684+0100,50.86495938,4.3062108,73
2018-09-20T10:17:45.733+0100,50.86495938,4.30621083,73
2018-09-20T10:17:46.716+0100,50.86495938,4.30621083,74
2018-09-20T10:17:47.727+0100,50.86495937,4.30621082,73
2018-09-20T10:17:48.774+0100,50.86495933,4.30621092,74
2018-09-20T10:17:49.693+0100,50.86495845,4.30621274,73
2018-09-20T10:17:50.751+0100,50.86495823,4.30621321,73
2018-09-20T10:17:51.722+0100,50.86495816,4.30621336,74
2018-09-20T10:17:52.697+0100,50.86495812,4.30621337,73
2018-09-20T10:17:53.758+0100,50.8649581,4.30621343,74
2018-09-20T10:17:54.706+0100,50.86495811,4.30621345,73
2018-09-20T10:17:55.698+0100,50.86495812,4.30621343,74
2018-09-20T10:17:56.731+0100,50.86495812,4.30621329,74
2018-09-20T10:17:57.752+0100,50.86495812,4.30621325,73
2018-09-20T10:17:58.711+0100,50.86495809,4.30621323,73
2018-09-20T10:17:59.811+0100,50.86495807,4.30621321,73
2018-09-20T10:18:00.729+0100,50.86495806,4.30621318,73
2018-09-20T10:18:01.720+0100,50.86495774,4.30621334,73
2018-09-20T10:18:02.753+0100,50.86495705,4.30621346,74
2018-09-20T10:18:03.747+0100,50.86494951,4.30621597,73
2018-09-20T10:18:04.758+0100,50.86494037,4.30623009,73
2018-09-20T10:18:05.775+0100,50.86494001,4.30623891,74
2018-09-20T10:18:06.689+0100,50.86493186,4.30623831,73
2018-09-20T10:18:07.735+0100,50.86492852,4.30623665,73
2018-09-20T10:18:08.729+0100,50.86492599,4.30623727,73
2018-09-20T10:18:09.688+0100,50.86492874,4.30623057,74
2018-09-20T10:18:10.685+0100,50.8649213,4.30622964,73
2018-09-20T10:18:11.674+0100,50.86492204,4.30622594,74
2018-09-20T10:18:12.692+0100,50.86492307,4.30622223,74
2018-09-20T10:18:13.699+0100,50.86492655,4.30622027,73
2018-09-20T10:18:14.702+0100,50.86492707,4.30621739,74
2018-09-20T10:18:15.796+0100,50.86493113,4.3062157,73
2018-09-20T10:18:16.680+0100,50.86493303,4.30621511,73
2018-09-20T10:18:17.701+0100,50.86493346,4.30621632,73
2018-09-20T10:18:18.742+0100,50.86493375,4.30621712,73
2018-09-20T10:18:19.759+0100,50.86493384,4.30621737,73
2018-09-20T10:18:20.664+0100,50.86493386,4.3062174,73
2018-09-20T10:18:21.761+0100,50.86493386,4.30621742,73
2018-09-20T10:18:22.737+0100,50.86493384,4.30621738,73
2018-09-20T10:18:23.689+0100,50.86493382,4.30621736,73
2018-09-20T10:18:24.707+0100,50.86493377,4.30621732,73
2018-09-20T10:18:25.695+0100,50.86493376,4.30621732,74
2018-09-20T10:18:26.759+0100,50.86493376,4.30621727,74
2018-09-20T10:18:27.713+0100,50.86493377,4.30621724,73
2018-09-20T10:18:28.724+0100,50.86493377,4.30621724,73
2018-09-20T10:18:29.712+0100,50.86493376,4.3062172,73
2018-09-20T10:18:30.730+0100,50.86493376,4.30621716,73
2018-09-20T10:18:31.758+0100,50.86493378,4.30621707,73
2018-09-20T10:18:32.726+0100,50.86493379,4.30621713,74
2018-09-20T10:18:33.785+0100,50.86493379,4.30621715,74
2018-09-20T10:18:34.795+0100,50.8649244,4.30622265,73
2018-09-20T10:18:35.757+0100,50.86492205,4.30622678,73
2018-09-20T10:18:36.761+0100,50.86492145,4.30622578,74
2018-09-20T10:18:37.766+0100,50.86492054,4.30622714,74
2018-09-20T10:18:38.726+0100,50.86492148,4.30622298,73
2018-09-20T10:18:39.702+0100,50.86492323,4.30622303,73
2018-09-20T10:18:40.670+0100,50.8649256,4.30622372,73
2018-09-20T10:18:41.689+0100,50.86492548,4.3062358,74
2018-09-20T10:18:42.716+0100,50.86492615,4.30625012,74
2018-09-20T10:18:43.735+0100,50.86493688,4.30626437,74
2018-09-20T10:18:44.677+0100,50.86494582,4.30628077,74
2018-09-20T10:18:45.707+0100,50.86495206,4.30629967,74
2018-09-20T10:18:46.750+0100,50.86495703,4.30631971,74
2018-09-20T10:18:47.701+0100,50.8649614,4.30633739,74
2018-09-20T10:18:48.738+0100,50.8649618,4.30635182,73
2018-09-20T10:18:49.737+0100,50.86496105,4.30635717,73
2018-09-20T10:18:50.741+0100,50.86496286,4.3063671,75
2018-09-20T10:18:51.756+0100,50.86496548,4.30637843,73
2018-09-20T10:18:52.736+0100,50.86496485,4.30638907,74
2018-09-20T10:18:53.739+0100,50.86496347,4.30640366,74
2018-09-20T10:18:54.718+0100,50.86496014,4.3064192,74
2018-09-20T10:18:55.760+0100,50.8649556,4.30644147,73
2018-09-20T10:18:56.695+0100,50.86495179,4.30646534,73
2018-09-20T10:18:57.700+0100,50.86494943,4.30647976,73
2018-09-20T10:18:58.725+0100,50.86494993,4.30649289,73
2018-09-20T10:18:59.701+0100,50.86495479,4.30650531,74
2018-09-20T10:19:00.667+0100,50.86496409,4.30651965,74
2018-09-20T10:19:01.718+0100,50.8649724,4.3065353,74
2018-09-20T10:19:02.708+0100,50.86497423,4.3065541,74
2018-09-20T10:19:03.689+0100,50.8649658,4.30657775,74
2018-09-20T10:19:04.833+0100,50.86495258,4.30660098,73
2018-09-20T10:19:05.741+0100,50.86493949,4.30662355,73
2018-09-20T10:19:06.769+0100,50.86492544,4.30664788,73
2018-09-20T10:19:07.680+0100,50.86491568,4.30666447,74
2018-09-20T10:19:08.730+0100,50.86490772,4.30667836,74
2018-09-20T10:19:09.719+0100,50.86489753,4.30669117,73
2018-09-20T10:19:10.720+0100,50.8648849,4.30670077,74
2018-09-20T10:19:11.691+0100,50.86487519,4.30671014,73
2018-09-20T10:19:12.698+0100,50.86486834,4.30671828,74
2018-09-20T10:19:13.753+0100,50.86486093,4.30672473,74
2018-09-20T10:19:14.681+0100,50.86485385,4.30673025,74
2018-09-20T10:19:15.794+0100,50.86484573,4.30673436,73
2018-09-20T10:19:16.805+0100,50.86483556,4.30674288,73
2018-09-20T10:19:17.806+0100,50.86482653,4.30675334,73
2018-09-20T10:19:18.790+0100,50.86482084,4.30676593,74
2018-09-20T10:19:19.705+0100,50.86481688,4.30677592,74
2018-09-20T10:19:20.737+0100,50.86481273,4.30678793,73
2018-09-20T10:19:21.716+0100,50.8648075,4.30680252,73
2018-09-20T10:19:22.717+0100,50.86479952,4.3068148,74
2018-09-20T10:19:23.767+0100,50.86478948,4.3068265,73
2018-09-20T10:19:24.733+0100,50.8647778,4.3068375,73
2018-09-20T10:19:25.704+0100,50.86476584,4.30685053,74
2018-09-20T10:19:26.761+0100,50.86475376,4.30686515,74
2018-09-20T10:19:27.729+0100,50.86474094,4.30687748,74
2018-09-20T10:19:28.721+0100,50.86472999,4.30689019,74
2018-09-20T10:19:29.708+0100,50.8647215,4.30690399,73
2018-09-20T10:19:30.721+0100,50.86471626,4.30691581,74
2018-09-20T10:19:31.690+0100,50.86471378,4.30692857,74
2018-09-20T10:19:32.736+0100,50.86471495,4.30694473,73
2018-09-20T10:19:33.747+0100,50.86471646,4.30696019,74
2018-09-20T10:19:34.732+0100,50.86472004,4.30697511,74
2018-09-20T10:19:35.719+0100,50.86472431,4.30699256,74
2018-09-20T10:19:36.710+0100,50.86472705,4.30700865,74
2018-09-20T10:19:37.694+0100,50.8647317,4.30702689,74
2018-09-20T10:19:38.735+0100,50.86473698,4.30705088,74
2018-09-20T10:19:39.734+0100,50.86474302,4.30707252,73
2018-09-20T10:19:40.752+0100,50.86474694,4.30709373,73
2018-09-20T10:19:41.699+0100,50.86474901,4.30711236,73
2018-09-20T10:19:42.720+0100,50.86474927,4.30712127,73
2018-09-20T10:19:43.734+0100,50.86475233,4.30712497,73
2018-09-20T10:19:44.723+0100,50.86475745,4.30712697,73
2018-09-20T10:19:45.763+0100,50.86476261,4.30712918,73
2018-09-20T10:19:46.731+0100,50.86476577,4.3071348,73
2018-09-20T10:19:47.700+0100,50.86476822,4.30714257,73
2018-09-20T10:19:48.716+0100,50.86477093,4.307153,73
2018-09-20T10:19:49.748+0100,50.86477363,4.30716347,74
2018-09-20T10:19:50.724+0100,50.86477623,4.30717348,73
2018-09-20T10:19:51.735+0100,50.86477876,4.30718301,73
2018-09-20T10:19:52.714+0100,50.86478396,4.30719819,74
2018-09-20T10:19:53.682+0100,50.86479111,4.30721639,74
2018-09-20T10:19:54.741+0100,50.86479612,4.30723488,74
2018-09-20T10:19:55.728+0100,50.8647997,4.30725226,74
2018-09-20T10:19:56.702+0100,50.86480272,4.30727213,73
2018-09-20T10:19:57.701+0100,50.8648027,4.30727885,74
2018-09-20T10:19:58.721+0100,50.8648032,4.30728697,74
2018-09-20T10:19:59.722+0100,50.8648046,4.30729778,73
2018-09-20T10:20:00.682+0100,50.86480591,4.3073101,73
2018-09-20T10:20:01.716+0100,50.86480888,4.30732536,73
2018-09-20T10:20:02.719+0100,50.86481174,4.30734322,73
2018-09-20T10:20:03.709+0100,50.86481459,4.30736212,74
2018-09-20T10:20:04.686+0100,50.86481767,4.30737616,74
2018-09-20T10:20:05.742+0100,50.86481856,4.30739683,73
2018-09-20T10:20:06.738+0100,50.86482065,4.30741718,74
2018-09-20T10:20:07.743+0100,50.86482426,4.30743661,73
2018-09-20T10:20:08.755+0100,50.86482799,4.30745651,74
2018-09-20T10:20:09.751+0100,50.86483049,4.30747704,74
2018-09-20T10:20:10.711+0100,50.86483125,4.30749312,73
2018-09-20T10:20:11.711+0100,50.86483171,4.30750568,73
2018-09-20T10:20:12.684+0100,50.86483654,4.30751905,74
2018-09-20T10:20:13.729+0100,50.86484226,4.30753066,73
2018-09-20T10:20:14.749+0100,50.86484171,4.3075491,73
2018-09-20T10:20:15.685+0100,50.86483957,4.3075706,73
2018-09-20T10:20:16.713+0100,50.86483834,4.30758531,73
2018-09-20T10:20:17.749+0100,50.86484071,4.30759844,74
2018-09-20T10:20:18.691+0100,50.8648455,4.30761352,74
2018-09-20T10:20:19.699+0100,50.86484948,4.30762962,73
2018-09-20T10:20:20.746+0100,50.8648528,4.30764766,73
2018-09-20T10:20:21.703+0100,50.86485682,4.30766636,74
2018-09-20T10:20:22.697+0100,50.86486174,4.30768332,73
2018-09-20T10:20:23.744+0100,50.86486654,4.30769954,73
2018-09-20T10:20:24.711+0100,50.86487082,4.3077167,74
2018-09-20T10:20:25.745+0100,50.86487309,4.30773683,74
2018-09-20T10:20:26.721+0100,50.8648758,4.30775517,73
2018-09-20T10:20:27.713+0100,50.86487878,4.30777288,74
2018-09-20T10:20:28.748+0100,50.86488172,4.3077834,73
2018-09-20T10:20:29.743+0100,50.8648844,4.30779994,74
2018-09-20T10:20:30.682+0100,50.86488427,4.30781271,74
2018-09-20T10:20:31.785+0100,50.86488398,4.30782366,73
2018-09-20T10:20:32.719+0100,50.8648814,4.30783702,73
2018-09-20T10:20:33.694+0100,50.8648779,4.30785883,74
2018-09-20T10:20:34.714+0100,50.86487461,4.30787685,73
2018-09-20T10:20:35.674+0100,50.86487245,4.30789263,74
2018-09-20T10:20:36.709+0100,50.86487557,4.30790725,74
2018-09-20T10:20:37.735+0100,50.86488014,4.30791512,73
2018-09-20T10:20:38.801+0100,50.86488478,4.30792362,73
2018-09-20T10:20:39.740+0100,50.86488838,4.30793268,73
2018-09-20T10:20:40.749+0100,50.86489451,4.30794373,73
2018-09-20T10:20:41.732+0100,50.86490015,4.30795468,73
2018-09-20T10:20:42.710+0100,50.86490468,4.30796576,73
2018-09-20T10:20:43.723+0100,50.86491563,4.30798114,73
2018-09-20T10:20:44.688+0100,50.86492897,4.3079974,74
2018-09-20T10:20:45.687+0100,50.86494166,4.30801512,74
2018-09-20T10:20:46.723+0100,50.8649519,4.30803732,73
2018-09-20T10:20:47.698+0100,50.86496183,4.30806157,74
2018-09-20T10:20:48.746+0100,50.86496776,4.30808923,74
2018-09-20T10:20:49.671+0100,50.86497216,4.30811514,73
2018-09-20T10:20:50.757+0100,50.86497603,4.30814163,73
2018-09-20T10:20:51.744+0100,50.86498292,4.30816686,73
2018-09-20T10:20:52.733+0100,50.86498893,4.30818754,74
2018-09-20T10:20:53.692+0100,50.86499525,4.30820514,73
2018-09-20T10:20:54.705+0100,50.86500016,4.30822454,73
2018-09-20T10:20:55.692+0100,50.86500314,4.30824434,73
2018-09-20T10:20:56.715+0100,50.86500657,4.30826273,73
2018-09-20T10:20:57.783+0100,50.86500927,4.30828133,74
2018-09-20T10:20:58.715+0100,50.86501082,4.30829668,74
2018-09-20T10:20:59.722+0100,50.86501398,4.30831755,73
2018-09-20T10:21:00.657+0100,50.86501909,4.30834224,73
2018-09-20T10:21:01.712+0100,50.86502099,4.30836225,74
2018-09-20T10:21:02.729+0100,50.86502097,4.30837789,73
2018-09-20T10:21:03.752+0100,50.86501622,4.30838308,73
2018-09-20T10:21:04.707+0100,50.86501392,4.30838146,73
2018-09-20T10:21:05.712+0100,50.86501272,4.3083807,73
2018-09-20T10:21:06.712+0100,50.86501267,4.30838043,73
2018-09-20T10:21:07.698+0100,50.865016,4.30838246,74
2018-09-20T10:21:08.716+0100,50.86501596,4.30838413,73
2018-09-20T10:21:09.713+0100,50.86501723,4.30838718,74
2018-09-20T10:21:10.710+0100,50.86501688,4.30838812,73
2018-09-20T10:21:11.705+0100,50.86501848,4.30838939,73
2018-09-20T10:21:12.749+0100,50.86501936,4.30838976,73
2018-09-20T10:21:13.722+0100,50.86502057,4.3083909,73
2018-09-20T10:21:14.719+0100,50.86502335,4.30839053,74
2018-09-20T10:21:15.743+0100,50.86502486,4.30839088,73
2018-09-20T10:21:16.689+0100,50.86502556,4.30839106,73
2018-09-20T10:21:17.715+0100,50.86502591,4.30839116,73
2018-09-20T10:21:18.696+0100,50.86502609,4.30839121,73
2018-09-20T10:21:19.696+0100,50.86502617,4.30839121,73
2018-09-20T10:21:20.713+0100,50.86502623,4.30839121,73
2018-09-20T10:21:21.749+0100,50.86502627,4.3083912,73
2018-09-20T10:21:22.737+0100,50.86502631,4.30839121,74
2018-09-20T10:21:23.735+0100,50.86502633,4.30839121,74
2018-09-20T10:21:24.723+0100,50.86502637,4.30839121,73
2018-09-20T10:21:25.709+0100,50.86502635,4.30839119,73
2018-09-20T10:21:26.711+0100,50.86502636,4.30839119,73
2018-09-20T10:21:27.715+0100,50.86502641,4.3083912,73
2018-09-20T10:21:28.738+0100,50.86502484,4.30839212,73
2018-09-20T10:21:29.707+0100,50.86502408,4.30839256,72
2018-09-20T10:21:30.741+0100,50.8650237,4.30839279,73
2018-09-20T10:21:31.724+0100,50.86502351,4.30839291,73
2018-09-20T10:21:32.717+0100,50.86502342,4.30839298,73
2018-09-20T10:21:33.783+0100,50.86502338,4.30839301,73
2018-09-20T10:21:34.709+0100,50.86502333,4.30839304,73
2018-09-20T10:21:35.737+0100,50.86502329,4.30839308,73
2018-09-20T10:21:36.727+0100,50.86502329,4.30839308,73
2018-09-20T10:21:37.724+0100,50.86502328,4.30839309,73
2018-09-20T10:21:38.700+0100,50.86502331,4.3083932,73
2018-09-20T10:21:39.724+0100,50.8650233,4.30839322,73
2018-09-20T10:21:40.763+0100,50.86502328,4.30839323,73
2018-09-20T10:21:41.685+0100,50.8650233,4.30839322,73
2018-09-20T10:21:42.744+0100,50.86502337,4.30839323,73
2018-09-20T10:21:43.750+0100,50.86502341,4.30839323,73
2018-09-20T10:21:44.753+0100,50.8650234,4.30839331,73
2018-09-20T10:21:45.744+0100,50.86502338,4.30839336,73
2018-09-20T10:21:46.701+0100,50.86502337,4.30839338,73
2018-09-20T10:21:47.746+0100,50.86502337,4.30839337,73
2018-09-20T10:21:48.740+0100,50.86502123,4.30839427,73
2018-09-20T10:21:49.685+0100,50.8650207,4.30839453,73
2018-09-20T10:21:50.692+0100,50.86502059,4.30839458,74
2018-09-20T10:21:51.680+0100,50.86502049,4.30839453,73
2018-09-20T10:21:52.782+0100,50.86502052,4.30839454,74
2018-09-20T10:21:53.695+0100,50.86502055,4.30839456,73
2018-09-20T10:21:54.741+0100,50.86502051,4.30839462,73
2018-09-20T10:21:55.690+0100,50.86502048,4.30839463,73
2018-09-20T10:21:56.715+0100,50.86502046,4.30839463,72
2018-09-20T10:21:57.703+0100,50.86502047,4.30839462,74
2018-09-20T10:21:58.781+0100,50.8650204,4.30839466,73
2018-09-20T10:21:59.713+0100,50.86502038,4.30839468,73
2018-09-20T10:22:00.722+0100,50.86502036,4.30839473,73
2018-09-20T10:22:01.712+0100,50.86502033,4.30839475,73
2018-09-20T10:22:02.714+0100,50.86502031,4.30839482,73
2018-09-20T10:22:03.699+0100,50.86501995,4.30839481,74
2018-09-20T10:22:04.729+0100,50.86501966,4.30839478,73
2018-09-20T10:22:05.738+0100,50.86501952,4.30839477,73
2018-09-20T10:22:06.673+0100,50.86501946,4.30839478,74
2018-09-20T10:22:07.687+0100,50.86501941,4.30839474,73
2018-09-20T10:22:08.696+0100,50.86501911,4.30839591,73
2018-09-20T10:22:09.725+0100,50.86501897,4.3083965,73
2018-09-20T10:22:10.716+0100,50.86501892,4.3083968,73
2018-09-20T10:22:11.690+0100,50.86501891,4.30839696,73
2018-09-20T10:22:12.683+0100,50.8650189,4.30839706,73
2018-09-20T10:22:13.720+0100,50.86501891,4.30839712,73
2018-09-20T10:22:14.708+0100,50.86501893,4.30839715,73
2018-09-20T10:22:15.717+0100,50.86501894,4.30839717,72
2018-09-20T10:22:16.749+0100,50.86501893,4.30839724,73
2018-09-20T10:22:17.717+0100,50.86501889,4.30839729,73
2018-09-20T10:22:18.694+0100,50.86501879,4.30839714,73
2018-09-20T10:22:19.723+0100,50.86501875,4.30839714,73
2018-09-20T10:22:20.705+0100,50.8650187,4.3083972,73
2018-09-20T10:22:21.671+0100,50.8650187,4.3083972,73
2018-09-20T10:22:22.742+0100,50.86501904,4.30839734,73
2018-09-20T10:22:23.679+0100,50.86501921,4.30839745,73
2018-09-20T10:22:24.743+0100,50.86501927,4.30839754,73
2018-09-20T10:22:25.715+0100,50.86501928,4.30839759,73
2018-09-20T10:22:26.695+0100,50.86501928,4.30839764,73
2018-09-20T10:22:27.711+0100,50.86501922,4.30839771,73
2018-09-20T10:22:28.689+0100,50.86501827,4.30839877,73
2018-09-20T10:22:29.748+0100,50.8650179,4.30839905,73
2018-09-20T10:22:30.710+0100,50.86501771,4.30839903,72
2018-09-20T10:22:31.739+0100,50.86501766,4.30839907,74
2018-09-20T10:22:32.732+0100,50.86501769,4.30839913,74
2018-09-20T10:22:33.732+0100,50.86501766,4.30839914,73
2018-09-20T10:22:34.732+0100,50.86501729,4.30839933,72
2018-09-20T10:22:35.706+0100,50.86501703,4.30839959,72
2018-09-20T10:22:36.739+0100,50.86501689,4.30839953,73
2018-09-20T10:22:37.682+0100,50.86501672,4.30839932,74
2018-09-20T10:22:38.688+0100,50.86501334,4.30839348,72
2018-09-20T10:22:39.704+0100,50.86500912,4.30838746,73
2018-09-20T10:22:40.727+0100,50.86501084,4.30838864,72
2018-09-20T10:22:41.740+0100,50.86501291,4.30839018,73
2018-09-20T10:22:42.713+0100,50.86501452,4.30839251,73
2018-09-20T10:22:43.702+0100,50.86501693,4.30839612,73
2018-09-20T10:22:44.715+0100,50.8650218,4.30839761,74
2018-09-20T10:22:45.702+0100,50.86502458,4.30839824,73
2018-09-20T10:22:46.714+0100,50.86502801,4.30840013,72
2018-09-20T10:22:47.689+0100,50.86503001,4.30840226,73
2018-09-20T10:22:48.705+0100,50.86502848,4.30840682,73
2018-09-20T10:22:49.762+0100,50.86502966,4.30840754,73
2018-09-20T10:22:50.757+0100,50.86503068,4.30840981,73
2018-09-20T10:22:51.766+0100,50.86503075,4.30841011,73
2018-09-20T10:22:52.715+0100,50.865028,4.30841056,73
2018-09-20T10:22:53.681+0100,50.86502829,4.30841055,73
2018-09-20T10:22:54.716+0100,50.86502881,4.30841081,73
2018-09-20T10:22:55.755+0100,50.86502857,4.30841079,73
2018-09-20T10:22:56.725+0100,50.86502841,4.30841076,73
2018-09-20T10:22:57.744+0100,50.86502839,4.30841071,73
2018-09-20T10:22:58.733+0100,50.86502837,4.30841071,72
2018-09-20T10:22:59.715+0100,50.86502837,4.30841069,72
2018-09-20T10:23:00.697+0100,50.86502835,4.30841073,73
2018-09-20T10:23:01.754+0100,50.8650283,4.30841062,73
2018-09-20T10:23:02.710+0100,50.86502828,4.30841062,73
2018-09-20T10:23:03.683+0100,50.86502827,4.30841063,73
2018-09-20T10:23:04.694+0100,50.86502828,4.30841068,73
2018-09-20T10:23:05.772+0100,50.86502827,4.30841068,73
2018-09-20T10:23:06.679+0100,50.86502827,4.30841069,72
2018-09-20T10:23:07.778+0100,50.86502827,4.30841069,73
2018-09-20T10:23:08.708+0100,50.86502833,4.30841078,72
2018-09-20T10:23:09.742+0100,50.86502759,4.30841181,72
2018-09-20T10:23:10.685+0100,50.8650274,4.30841209,73
2018-09-20T10:23:11.698+0100,50.86502726,4.30841227,73
2018-09-20T10:23:12.723+0100,50.8650272,4.30841232,73
2018-09-20T10:23:13.699+0100,50.86502786,4.30841196,73
2018-09-20T10:23:14.732+0100,50.86502812,4.30841179,72
2018-09-20T10:23:15.693+0100,50.86502818,4.30841178,73
2018-09-20T10:23:16.726+0100,50.86502819,4.30841182,73
2018-09-20T10:23:17.744+0100,50.86503487,4.30841718,73
2018-09-20T10:23:18.713+0100,50.86504248,4.30842026,72
2018-09-20T10:23:19.706+0100,50.86504981,4.30842617,73
2018-09-20T10:23:20.707+0100,50.86505469,4.30844556,73
2018-09-20T10:23:21.680+0100,50.86505853,4.30846767,73
2018-09-20T10:23:22.685+0100,50.86506419,4.30849267,73
2018-09-20T10:23:23.696+0100,50.86506946,4.30851582,73
2018-09-20T10:23:24.709+0100,50.86507804,4.30854128,73
2018-09-20T10:23:25.654+0100,50.8650853,4.30856381,73
2018-09-20T10:23:26.848+0100,50.86509139,4.30858491,73
2018-09-20T10:23:27.736+0100,50.86509772,4.30860816,73
2018-09-20T10:23:28.703+0100,50.86510329,4.30862961,72
2018-09-20T10:23:29.796+0100,50.86510998,4.30865148,73
2018-09-20T10:23:30.745+0100,50.86511582,4.3086701,73
2018-09-20T10:23:31.687+0100,50.86511936,4.30868908,72
2018-09-20T10:23:32.696+0100,50.86512328,4.30870991,72
2018-09-20T10:23:33.683+0100,50.86512769,4.30873096,72
2018-09-20T10:23:34.733+0100,50.86513317,4.30875036,72
2018-09-20T10:23:35.739+0100,50.8651411,4.30876976,72
2018-09-20T10:23:36.702+0100,50.86514882,4.30878994,72
2018-09-20T10:23:37.683+0100,50.86515744,4.30881132,73
2018-09-20T10:23:38.714+0100,50.86516493,4.30883375,72
2018-09-20T10:23:39.760+0100,50.86517183,4.30885558,73
2018-09-20T10:23:49.712+0100,50.86517915,4.30887732,73
2018-09-20T10:23:50.738+0100,50.86517915,4.30887732,73
2018-09-20T10:23:51.723+0100,50.86517915,4.30887732,72
2018-09-20T10:23:52.735+0100,50.8651746,4.30906801,73
2018-09-20T10:23:53.652+0100,50.86517498,4.30908899,73
2018-09-20T10:23:54.716+0100,50.86518176,4.30912153,72
2018-09-20T10:23:55.678+0100,50.86519285,4.30915293,72
2018-09-20T10:23:56.750+0100,50.86519962,4.30918046,73
2018-09-20T10:23:57.710+0100,50.86520603,4.3092031,72
2018-09-20T10:23:58.687+0100,50.86521197,4.30922604,73
2018-09-20T10:23:59.668+0100,50.86521789,4.30924833,72
2018-09-20T10:24:00.797+0100,50.86523058,4.30927187,72
2018-09-20T10:24:01.684+0100,50.86524446,4.30929434,73
2018-09-20T10:24:02.695+0100,50.86525569,4.30931534,73
2018-09-20T10:24:03.691+0100,50.86526345,4.3093346,72
2018-09-20T10:24:04.737+0100,50.86526912,4.30935286,73
2018-09-20T10:24:05.683+0100,50.86527377,4.30936925,72
2018-09-20T10:24:06.678+0100,50.86528009,4.30938565,73
2018-09-20T10:24:07.695+0100,50.86529017,4.30940378,72
2018-09-20T10:24:08.709+0100,50.86530268,4.30942134,72
2018-09-20T10:24:09.730+0100,50.86531567,4.30943958,72
2018-09-20T10:24:10.743+0100,50.86532636,4.30945664,72
2018-09-20T10:24:11.722+0100,50.8653357,4.30947444,72
2018-09-20T10:24:12.710+0100,50.86534521,4.30949264,73
2018-09-20T10:24:13.726+0100,50.86535588,4.30951399,73
2018-09-20T10:24:14.731+0100,50.8653645,4.30953571,72
2018-09-20T10:24:15.711+0100,50.86537102,4.3095554,73
2018-09-20T10:24:16.696+0100,50.86537754,4.30957679,73
2018-09-20T10:24:17.740+0100,50.86538526,4.30959797,73
2018-09-20T10:24:18.716+0100,50.86539477,4.30961731,73
2018-09-20T10:24:19.683+0100,50.8654032,4.30963364,72
2018-09-20T10:24:20.725+0100,50.86541205,4.30964985,72
2018-09-20T10:24:21.682+0100,50.86542074,4.30966949,73
2018-09-20T10:24:22.780+0100,50.86542856,4.30969006,72
2018-09-20T10:24:23.735+0100,50.86543432,4.3097116,72
2018-09-20T10:24:24.750+0100,50.8654403,4.3097332,73
2018-09-20T10:24:25.716+0100,50.86544531,4.30975442,73
2018-09-20T10:24:26.702+0100,50.86545075,4.30977519,72
2018-09-20T10:24:27.733+0100,50.86545709,4.30979399,73
2018-09-20T10:24:28.743+0100,50.86546493,4.30980842,73
2018-09-20T10:24:29.728+0100,50.86547208,4.3098208,72
2018-09-20T10:24:30.681+0100,50.86547877,4.30983125,73
2018-09-20T10:24:31.691+0100,50.86548588,4.30984368,73
2018-09-20T10:24:32.691+0100,50.86549182,4.3098548,73
2018-09-20T10:24:33.754+0100,50.86549378,4.30985684,73
2018-09-20T10:24:34.735+0100,50.8654921,4.30985657,73
2018-09-20T10:24:35.796+0100,50.86549556,4.30986403,73
2018-09-20T10:24:36.711+0100,50.86550327,4.3098748,73
2018-09-20T10:24:37.729+0100,50.86551095,4.30988548,72
2018-09-20T10:24:38.710+0100,50.86551736,4.30989605,72
2018-09-20T10:24:39.726+0100,50.86552213,4.30990505,72
2018-09-20T10:24:40.738+0100,50.86553125,4.30991379,72
2018-09-20T10:24:41.680+0100,50.86554413,4.309921,73
2018-09-20T10:24:42.738+0100,50.86555374,4.30992355,72
2018-09-20T10:24:43.713+0100,50.865562,4.30992247,73
2018-09-20T10:24:44.767+0100,50.86557018,4.30992941,73
2018-09-20T10:24:45.817+0100,50.86557844,4.30994777,73
2018-09-20T10:24:46.689+0100,50.86558648,4.309978,72
2018-09-20T10:24:47.697+0100,50.86559165,4.31000762,73
2018-09-20T10:24:48.764+0100,50.86559533,4.31003741,72
2018-09-20T10:24:49.674+0100,50.86559775,4.31006723,73
2018-09-20T10:24:50.704+0100,50.865602,4.3100939,72
2018-09-20T10:24:51.680+0100,50.86560518,4.31012747,73
2018-09-20T10:24:52.808+0100,50.86560794,4.31016847,73
2018-09-20T10:24:53.788+0100,50.86561012,4.31020894,73
2018-09-20T10:24:54.719+0100,50.8656111,4.31024597,73
2018-09-20T10:24:55.730+0100,50.86561389,4.31028042,72
2018-09-20T10:24:56.687+0100,50.86561969,4.31031322,72
2018-09-20T10:24:57.725+0100,50.86562583,4.31033977,72
2018-09-20T10:24:58.724+0100,50.86563058,4.31034879,72
2018-09-20T10:24:59.745+0100,50.86563727,4.31034325,73
2018-09-20T10:25:00.644+0100,50.86564457,4.31034426,72
2018-09-20T10:25:01.712+0100,50.8656488,4.31034637,73
2018-09-20T10:25:02.749+0100,50.86565838,4.31035839,72
2018-09-20T10:25:03.701+0100,50.86567652,4.31036895,72
2018-09-20T10:25:04.737+0100,50.86569069,4.3103766,72
2018-09-20T10:25:05.717+0100,50.86570308,4.31038371,72
2018-09-20T10:25:06.702+0100,50.86570567,4.31038681,72
2018-09-20T10:25:07.709+0100,50.86570794,4.31039012,73
2018-09-20T10:25:08.780+0100,50.8657071,4.31039156,73
2018-09-20T10:25:09.728+0100,50.86570729,4.31039329,72
2018-09-20T10:25:10.742+0100,50.86570612,4.31039561,72
2018-09-20T10:25:11.674+0100,50.86570759,4.31039315,73
2018-09-20T10:25:12.720+0100,50.86570973,4.31039354,74
2018-09-20T10:25:13.680+0100,50.86571059,4.3103971,73
2018-09-20T10:25:14.719+0100,50.86571257,4.31039894,73
2018-09-20T10:25:15.682+0100,50.86571223,4.31040043,72
2018-09-20T10:25:16.756+0100,50.865712,4.31040146,73
2018-09-20T10:25:17.716+0100,50.86571176,4.31040273,72
2018-09-20T10:25:18.727+0100,50.86571084,4.31041417,73
2018-09-20T10:25:19.703+0100,50.86571055,4.31041354,72
2018-09-20T10:25:20.712+0100,50.86570629,4.31041777,73
2018-09-20T10:25:21.654+0100,50.86570056,4.31042357,73
2018-09-20T10:25:22.724+0100,50.86569795,4.31042312,72
2018-09-20T10:25:23.680+0100,50.86568957,4.3104117,73
2018-09-20T10:25:24.689+0100,50.86567967,4.31041348,73
2018-09-20T10:25:25.817+0100,50.86567737,4.31041405,73
2018-09-20T10:25:26.701+0100,50.8656717,4.31040694,73
2018-09-20T10:25:27.678+0100,50.86566766,4.31040516,72
2018-09-20T10:25:28.725+0100,50.86566564,4.31040419,73
2018-09-20T10:25:29.678+0100,50.86566232,4.31040432,72
2018-09-20T10:25:30.722+0100,50.8656585,4.31040273,73
2018-09-20T10:25:31.705+0100,50.86565398,4.31040012,73
2018-09-20T10:25:32.701+0100,50.86565173,4.31040088,73
2018-09-20T10:25:33.692+0100,50.86565338,4.31039943,73
2018-09-20T10:25:34.708+0100,50.86565117,4.31039834,72
2018-09-20T10:25:35.706+0100,50.86564484,4.31040881,73
2018-09-20T10:25:36.670+0100,50.86564036,4.31041637,73
2018-09-20T10:25:37.716+0100,50.86563776,4.31042008,73
2018-09-20T10:25:38.716+0100,50.86563262,4.31042402,73
2018-09-20T10:25:39.680+0100,50.8656315,4.31042629,72
2018-09-20T10:25:40.722+0100,50.86562995,4.31042477,72
2018-09-20T10:25:41.673+0100,50.86562902,4.31042275,72
2018-09-20T10:25:42.761+0100,50.86562822,4.3104208,72
2018-09-20T10:25:43.712+0100,50.86562987,4.31041427,72
2018-09-20T10:25:44.763+0100,50.86563077,4.31041241,73
2018-09-20T10:25:45.707+0100,50.86563243,4.31041177,73
2018-09-20T10:25:46.670+0100,50.86563302,4.3104113,73
2018-09-20T10:25:47.675+0100,50.86563412,4.31041149,73
2018-09-20T10:25:48.668+0100,50.86563436,4.31041191,73
2018-09-20T10:25:49.633+0100,50.86563424,4.31041255,73
2018-09-20T10:25:50.666+0100,50.86563422,4.31041311,73
2018-09-20T10:25:51.653+0100,50.865638,4.31041516,72
2018-09-20T10:25:52.721+0100,50.86564799,4.3104181,73
2018-09-20T10:25:53.675+0100,50.86565272,4.31042457,72
2018-09-20T10:25:54.744+0100,50.86565387,4.31042886,73
2018-09-20T10:25:55.664+0100,50.86565573,4.31043129,72
2018-09-20T10:25:56.720+0100,50.86565846,4.31043113,73
2018-09-20T10:25:57.784+0100,50.86566072,4.31043348,73
2018-09-20T10:25:58.733+0100,50.8656643,4.31043738,74
2018-09-20T10:25:59.716+0100,50.86566608,4.31043984,74
2018-09-20T10:26:00.680+0100,50.865666,4.31044404,73
2018-09-20T10:26:01.697+0100,50.86566553,4.31044708,73
2018-09-20T10:26:02.713+0100,50.86566132,4.31044878,73
2018-09-20T10:26:03.702+0100,50.86565603,4.31044987,73
2018-09-20T10:26:04.688+0100,50.8656535,4.31045063,72
2018-09-20T10:26:05.786+0100,50.86565147,4.31045068,73
2018-09-20T10:26:06.714+0100,50.86565045,4.31045063,73
2018-09-20T10:26:07.753+0100,50.86564973,4.31045062,73
2018-09-20T10:26:08.680+0100,50.86564928,4.31045064,73
2018-09-20T10:26:09.777+0100,50.86564899,4.31045063,73
2018-09-20T10:26:10.750+0100,50.86564886,4.31045062,73
2018-09-20T10:26:11.715+0100,50.86564879,4.31045063,73
2018-09-20T10:26:12.689+0100,50.86564876,4.31045067,73
2018-09-20T10:26:13.690+0100,50.86564874,4.31045067,73
2018-09-20T10:26:14.714+0100,50.86564874,4.31045065,73
2018-09-20T10:26:15.784+0100,50.86564874,4.31045061,73
2018-09-20T10:26:16.698+0100,50.86564875,4.31045058,73
2018-09-20T10:26:17.768+0100,50.86564874,4.31045053,72
2018-09-20T10:26:18.734+0100,50.86564876,4.31045053,73
2018-09-20T10:26:19.676+0100,50.86564878,4.31045056,72
2018-09-20T10:26:20.700+0100,50.86564874,4.31045067,72
2018-09-20T10:26:21.782+0100,50.86564872,4.31045071,73
2018-09-20T10:26:22.730+0100,50.86564734,4.310451,73
2018-09-20T10:26:23.711+0100,50.86565083,4.31044898,73
2018-09-20T10:26:24.735+0100,50.86565254,4.31045152,72
2018-09-20T10:26:25.655+0100,50.86565272,4.31045377,73
2018-09-20T10:26:26.687+0100,50.86565589,4.31045294,73
2018-09-20T10:26:27.691+0100,50.86566408,4.3104528,73
2018-09-20T10:26:28.718+0100,50.8656697,4.3104493,72
2018-09-20T10:26:29.723+0100,50.8656674,4.31044489,73
2018-09-20T10:26:30.666+0100,50.86567002,4.3104433,73
2018-09-20T10:26:31.748+0100,50.86567454,4.3104396,73
2018-09-20T10:26:32.707+0100,50.86567799,4.31043268,73
2018-09-20T10:26:33.680+0100,50.86568217,4.31042432,73
2018-09-20T10:26:34.796+0100,50.86568871,4.31041592,73
2018-09-20T10:26:35.693+0100,50.86569471,4.31040551,74
2018-09-20T10:26:36.710+0100,50.86570396,4.31039293,73
2018-09-20T10:26:37.722+0100,50.86571618,4.31037815,73
2018-09-20T10:26:38.654+0100,50.86572996,4.31036717,74
2018-09-20T10:26:39.735+0100,50.86574307,4.31035841,73
2018-09-20T10:26:40.698+0100,50.86575707,4.310352,72
2018-09-20T10:26:41.687+0100,50.86577057,4.31034663,73
2018-09-20T10:26:42.758+0100,50.86578044,4.3103402,72
2018-09-20T10:26:43.712+0100,50.86579105,4.31033029,72
2018-09-20T10:26:44.735+0100,50.86580228,4.3103179,73
2018-09-20T10:26:45.723+0100,50.86581347,4.31030247,73
2018-09-20T10:26:46.674+0100,50.86583084,4.31029064,73
2018-09-20T10:26:47.774+0100,50.86584122,4.31027187,72
2018-09-20T10:26:48.696+0100,50.86585065,4.31025194,73
2018-09-20T10:26:49.757+0100,50.86585732,4.3102338,73
2018-09-20T10:26:50.679+0100,50.86586189,4.31021628,72
2018-09-20T10:26:51.714+0100,50.86586469,4.31019871,73
2018-09-20T10:26:52.687+0100,50.86587104,4.31018516,73
2018-09-20T10:26:53.709+0100,50.86587564,4.31017362,72
2018-09-20T10:26:54.780+0100,50.86588147,4.31016154,73
2018-09-20T10:26:55.708+0100,50.86589086,4.3101454,74
2018-09-20T10:26:56.793+0100,50.86590106,4.31012889,72
2018-09-20T10:26:57.679+0100,50.86591361,4.31011987,72
2018-09-20T10:26:58.714+0100,50.86592659,4.31010846,73
2018-09-20T10:26:59.719+0100,50.86593631,4.31009817,73
2018-09-20T10:27:00.718+0100,50.86594491,4.31009248,73
2018-09-20T10:27:01.673+0100,50.86594878,4.31008519,73
2018-09-20T10:27:02.778+0100,50.86595274,4.31007633,72
2018-09-20T10:27:03.733+0100,50.86595994,4.31006656,72
2018-09-20T10:27:04.752+0100,50.86596835,4.3100569,73
2018-09-20T10:27:05.718+0100,50.86597817,4.31004845,74
2018-09-20T10:27:06.686+0100,50.86598841,4.31004365,73
2018-09-20T10:27:07.678+0100,50.86599961,4.31003974,73
2018-09-20T10:27:08.685+0100,50.86600995,4.31003775,73
2018-09-20T10:27:09.691+0100,50.8660204,4.31003461,73
2018-09-20T10:27:10.735+0100,50.86602935,4.31002683,73
2018-09-20T10:27:11.754+0100,50.86603948,4.31001731,73
2018-09-20T10:27:12.703+0100,50.86605462,4.31000979,73
2018-09-20T10:27:13.655+0100,50.86607044,4.31000652,73
2018-09-20T10:27:14.687+0100,50.86607898,4.31000294,73
2018-09-20T10:27:15.676+0100,50.86608229,4.31000181,73
2018-09-20T10:27:16.691+0100,50.86608635,4.30999594,72
2018-09-20T10:27:17.731+0100,50.86609389,4.30999058,72
2018-09-20T10:27:18.734+0100,50.86610361,4.30997955,73
2018-09-20T10:27:19.669+0100,50.86611789,4.30996212,72
2018-09-20T10:27:20.713+0100,50.86613224,4.3099468,73
2018-09-20T10:27:21.711+0100,50.86614364,4.30993798,73
2018-09-20T10:27:22.738+0100,50.866152,4.30992558,73
2018-09-20T10:27:23.744+0100,50.8661609,4.30991523,74
2018-09-20T10:27:24.709+0100,50.8661666,4.30990734,73
2018-09-20T10:27:25.733+0100,50.86617213,4.30989918,74
2018-09-20T10:27:26.684+0100,50.86617731,4.30988949,73
2018-09-20T10:27:27.715+0100,50.86617992,4.30987748,73
2018-09-20T10:27:28.710+0100,50.86618445,4.30986278,73
2018-09-20T10:27:29.652+0100,50.86618876,4.30984817,72
2018-09-20T10:27:30.711+0100,50.86619917,4.30983508,72
2018-09-20T10:27:31.702+0100,50.86621198,4.30982412,74
2018-09-20T10:27:32.729+0100,50.86622193,4.30981429,73
2018-09-20T10:27:33.665+0100,50.86622705,4.30980542,73
2018-09-20T10:27:34.743+0100,50.8662314,4.30979518,73
2018-09-20T10:27:35.668+0100,50.86624215,4.30978401,72
2018-09-20T10:27:36.696+0100,50.86625203,4.30976938,73
2018-09-20T10:27:37.722+0100,50.86626657,4.30975451,73
2018-09-20T10:27:38.706+0100,50.86628592,4.30973688,73
2018-09-20T10:27:39.708+0100,50.86630209,4.30972099,73
2018-09-20T10:27:40.703+0100,50.86631203,4.30971106,73
2018-09-20T10:27:41.700+0100,50.86631877,4.30970236,73
2018-09-20T10:27:42.729+0100,50.86632456,4.3096926,73
2018-09-20T10:27:43.734+0100,50.86633108,4.30968436,73
2018-09-20T10:27:44.731+0100,50.86633663,4.30967216,73
2018-09-20T10:27:45.690+0100,50.8663479,4.30965705,73
2018-09-20T10:27:46.736+0100,50.86635306,4.30964129,72
2018-09-20T10:27:47.647+0100,50.86635534,4.30962878,73
2018-09-20T10:27:48.712+0100,50.86635772,4.3096169,73
2018-09-20T10:27:49.707+0100,50.86636116,4.3096054,72
2018-09-20T10:27:50.710+0100,50.86636856,4.30959252,72
2018-09-20T10:27:51.693+0100,50.86637648,4.30957846,74
2018-09-20T10:27:52.765+0100,50.86638867,4.30956737,73
2018-09-20T10:27:53.681+0100,50.86640333,4.3095532,73
2018-09-20T10:27:54.748+0100,50.86641801,4.30953899,73
2018-09-20T10:27:55.705+0100,50.86642792,4.30952596,73
2018-09-20T10:27:56.678+0100,50.86643548,4.3095109,73
2018-09-20T10:27:57.707+0100,50.86644344,4.3094953,73
2018-09-20T10:27:58.723+0100,50.86645019,4.30948278,73
2018-09-20T10:27:59.665+0100,50.86645897,4.30946809,72
2018-09-20T10:28:00.707+0100,50.86646835,4.30945573,73
2018-09-20T10:28:01.657+0100,50.86647666,4.30944313,72
2018-09-20T10:28:02.694+0100,50.86648621,4.30942633,73
2018-09-20T10:28:03.688+0100,50.86649526,4.30941013,73
2018-09-20T10:28:04.673+0100,50.86650318,4.30939803,73
2018-09-20T10:28:05.696+0100,50.86650837,4.3093884,73
2018-09-20T10:28:06.714+0100,50.86651369,4.30938183,72
2018-09-20T10:28:07.721+0100,50.86651951,4.30937049,72
2018-09-20T10:28:08.717+0100,50.866527,4.30935414,73
2018-09-20T10:28:09.673+0100,50.86653813,4.30934198,72
2018-09-20T10:28:10.767+0100,50.86654868,4.30933262,73
2018-09-20T10:28:11.713+0100,50.86656111,4.30932256,73
2018-09-20T10:28:12.681+0100,50.86657447,4.30931384,73
2018-09-20T10:28:13.718+0100,50.86658818,4.30930755,73
2018-09-20T10:28:14.714+0100,50.86659666,4.30930264,73
2018-09-20T10:28:15.738+0100,50.86659505,4.3092956,74
2018-09-20T10:28:16.727+0100,50.86659004,4.30928576,73
2018-09-20T10:28:17.744+0100,50.86658506,4.3092752,73
2018-09-20T10:28:18.725+0100,50.86657325,4.30926315,74
2018-09-20T10:28:19.719+0100,50.86656899,4.30925441,73
2018-09-20T10:28:20.652+0100,50.86656918,4.30924819,73
2018-09-20T10:28:21.669+0100,50.86657075,4.30924441,73
2018-09-20T10:28:22.645+0100,50.86657395,4.30924224,73
2018-09-20T10:28:23.643+0100,50.86657624,4.30924038,73
2018-09-20T10:28:24.687+0100,50.86657583,4.30923693,73
2018-09-20T10:28:25.681+0100,50.8665751,4.30923344,73
2018-09-20T10:28:26.792+0100,50.86657498,4.30923059,73
2018-09-20T10:28:27.683+0100,50.86657222,4.30922785,73
2018-09-20T10:28:28.709+0100,50.86657064,4.30922591,73
2018-09-20T10:28:29.727+0100,50.86656948,4.30922446,73
2018-09-20T10:28:30.820+0100,50.86657092,4.30922577,73